movieID,Average_Ratings
1,4
2,3
3,3
4,2
5,3
6,4
7,3
8,4
9,3
10,3
11,4
12,3
13,4
14,3
15,2
16,4
17,4
18,3
19,3
20,3
21,4
22,3
23,3
24,3
25,4
26,4
27,3
28,4
29,4
30,4
31,3
32,4
33,4
34,4
35,4
36,2
37,2
38,4
39,4
40,4
41,2
42,4
43,3
44,4
45,3
46,4
47,3
48,4
49,4
50,4
51,5
52,4
53,3
54,3
55,4
56,4
57,3
58,4
59,4
60,3
61,2
62,2
63,2
64,4
65,4
66,3
67,2
68,3
69,4
70,3
71,3
72,4
73,3
74,3
75,5
76,3
77,4
78,3
79,4
80,4
81,4
82,2
83,3
84,3
85,4
86,2
87,4
88,3
89,1
90,4
91,3
92,3
93,3
94,4
95,3
96,4
97,3
98,3
99,3
100,4
101,4
102,4
103,3
104,3
105,3
106,5
107,3
108,3
109,3
110,4
111,3
112,4
113,3
114,4
115,3
116,3
117,4
118,2
119,3
120,3
121,1
122,3
123,4
124,3
125,3
126,4
127,4
128,4
129,4
130,4
131,4
132,4
133,3
134,4
135,3
136,4
137,2
138,3
139,4
140,2
141,4
142,4
143,4
144,4
145,3
146,3
147,4
148,3
149,3
150,3
151,4
152,3
153,3
154,2
155,4
156,4
157,3
158,5
159,4
160,3
161,2
162,5
163,4
164,3
165,3
166,3
167,3
168,4
169,4
170,3
171,2
172,4
173,3
174,3
175,3
176,3
177,4
178,4
179,3
180,3
181,3
182,4
183,4
184,3
185,3
186,3
187,3
188,4
189,3
190,4
191,3
192,3
193,3
194,4
195,3
196,4
197,4
198,4
199,3
200,3
201,2
202,4
203,4
204,3
205,4
206,4
207,3
208,4
209,3
210,3
211,3
212,3
213,3
214,4
215,4
216,4
217,3
218,3
219,4
220,4
221,3
222,3
223,3
224,3
225,3
226,3
227,3
228,2
229,3
230,4
231,2
232,4
233,4
234,4
235,4
236,3
237,4
238,4
239,3
240,3
241,4
242,4
243,3
244,4
245,4
246,3
247,3
248,3
249,3
250,3
251,3
252,3
253,4
254,4
255,3
256,3
257,4
258,3
259,3
260,3
261,4
262,2
263,3
264,4
265,3
266,3
267,4
268,4
269,4
270,5
271,4
272,3
273,3
274,3
275,4
276,4
277,4
278,5
279,4
280,3
281,4
282,3
283,3
284,3
285,4
286,4
287,3
288,4
289,4
290,3
291,3
292,4
293,3
294,4
295,3
296,3
297,3
298,3
299,3
300,3
301,3
302,3
303,4
304,3
305,3
306,3
307,4
308,3
309,3
310,3
311,4
312,3
313,4
314,4
315,4
316,3
317,3
318,3
319,4
320,4
321,2
322,4
323,4
324,2
325,2
326,3
327,3
328,4
329,4
330,3
331,3
332,3
333,4
334,3
335,3
336,3
337,3
338,4
339,2
340,4
341,3
342,4
343,3
344,3
345,4
346,3
347,3
348,3
349,3
350,4
351,4
352,4
353,4
354,3
355,3
356,2
357,4
358,2
359,3
360,3
361,2
362,3
363,4
364,2
365,2
366,3
367,3
368,4
369,3
370,3
371,3
372,3
373,4
374,3
375,3
376,4
377,3
378,2
379,4
380,3
381,4
382,3
383,3
384,3
385,2
386,2
387,3
388,3
389,1
390,4
391,4
392,3
393,3
394,3
395,3
396,4
397,4
398,4
399,4
400,3
401,3
402,4
403,2
404,3
405,3
406,3
407,4
408,4
409,4
410,2
411,3
412,3
413,3
414,4
415,3
416,3
417,3
418,3
419,2
420,4
421,4
422,1
423,4
424,4
425,4
426,4
427,3
428,4
429,3
430,3
431,3
432,3
433,3
434,2
435,4
436,3
437,3
438,3
439,3
440,4
441,3
442,3
443,4
444,3
445,4
446,3
447,3
448,3
449,4
450,2
451,3
452,3
453,3
454,4
455,4
456,4
457,2
458,3
459,4
460,2
461,4
462,4
463,3
464,3
465,2
466,2
467,3
468,4
469,3
470,3
471,4
472,1
473,4
474,2
475,4
476,4
477,3
478,3
479,4
480,4
481,2
482,3
483,4
484,3
485,3
486,4
487,3
488,3
489,3
490,2
491,3
492,3
493,4
494,3
495,4
496,3
497,3
498,3
499,4
500,4
501,3
502,5
503,3
504,4
505,3
506,3
507,4
508,4
509,4
510,2
511,4
512,1
513,3
514,4
515,2
516,3
517,4
518,4
519,3
520,3
521,3
522,4
523,4
524,4
525,3
526,4
527,4
528,4
529,4
530,3
531,4
532,4
533,3
534,3
535,3
536,4
537,3
538,3
539,3
540,3
541,4
542,2
543,4
544,3
545,1
546,2
547,3
548,3
549,2
550,3
551,4
552,4
553,3
554,4
555,4
556,4
557,3
558,4
559,3
560,3
561,4
562,4
563,3
564,1
565,3
566,3
567,4
568,4
569,3
570,3
571,4
572,3
573,4
574,4
575,3
576,4
577,3
578,3
579,4
580,4
581,4
582,3
583,3
584,3
585,2
586,4
587,3
588,2
589,3
590,4
591,2
592,3
593,3
594,3
595,5
596,3
597,3
598,3
599,3
600,3
601,3
602,2
603,3
604,4
605,3
606,3
607,3
608,4
609,4
610,4
611,3
612,2
613,3
614,4
615,3
616,4
617,4
618,3
619,2
620,4
621,3
622,3
623,4
624,2
625,3
626,3
627,4
628,4
629,4
630,2
631,3
632,4
633,5
634,3
635,3
636,2
637,5
638,3
639,4
640,4
641,3
642,2
643,4
644,3
645,3
646,4
647,3
648,3
649,3
650,3
651,3
652,4
653,3
654,4
655,3
656,3
657,4
658,3
659,3
660,4
661,3
662,4
663,3
664,3
665,3
666,2
667,3
668,3
669,3
670,5
671,3
672,3
673,1
674,3
675,4
676,4
677,3
678,3
679,3
680,3
681,4
682,4
683,3
684,4
685,4
686,2
687,3
688,5
689,4
690,3
691,3
692,4
693,3
694,3
695,4
696,4
697,4
698,4
699,4
700,4
701,3
702,3
703,2
704,5
705,4
706,5
707,3
708,2
709,3
710,3
711,2
712,2
713,4
714,4
715,2
716,4
717,5
718,4
719,4
720,4
721,4
722,4
723,4
724,4
725,4
726,4
727,4
728,4
729,4
730,4
731,4
732,4
733,4
734,4
735,4
736,4
737,4
738,4
739,4
740,4
741,4
742,4
743,4
744,4
745,4
746,4
747,4
748,4
749,4
750,4
751,4
752,4
753,4
754,4
755,4
756,4
757,4
758,4
759,4
760,4
761,4
762,4
763,4
764,4
765,3
766,4
767,4
768,4
769,4
770,4
771,4
772,4
773,3
774,4
775,4
776,4
777,3
778,4
779,2
780,5
781,3
782,3
783,2
784,4
785,4
786,4
787,4
788,4
789,4
790,2
791,4
792,3
793,1
794,1
795,3
796,4
797,4
798,3
799,4
800,2
801,4
802,2
803,4
804,3
805,3
806,4
807,3
808,3
809,2
810,2
811,3
812,3
813,4
814,3
815,3
816,4
817,4
818,3
819,3
820,3
821,3
822,3
823,3
824,4
825,3
826,3
827,4
828,4
829,3
830,4
831,2
832,3
833,4
834,4
835,3
836,4
837,4
838,4
839,4
840,4
841,4
842,3
843,4
844,4
845,3
846,2
847,3
848,4
849,3
850,4
851,4
852,3
853,2
854,2
855,2
856,4
857,4
858,4
859,4
860,4
861,4
862,3
863,4
864,4
865,4
866,4
867,4
868,4
869,4
870,4
871,4
872,4
873,4
874,4
875,3
876,4
877,4
878,4
879,4
880,3
881,4
882,4
883,3
884,3
885,3
886,4
887,4
888,4
889,4
890,4
891,3
892,3
893,4
894,4
895,2
896,4
897,4
898,2
899,3
900,4
901,4
902,4
903,3
904,3
905,4
906,3
907,3
908,4
909,4
910,4
911,3
912,3
913,4
914,4
915,3
916,4
917,4
918,4
919,4
920,3
921,3
922,1
923,4
924,4
925,2
926,1
927,2
928,2
929,3
930,4
931,4
932,4
933,3
934,3
935,4
936,4
937,4
938,4
939,4
940,4
941,4
942,4
943,4
944,4
945,4
946,4
947,3
948,4
949,2
950,4
951,4
952,4
953,4
954,4
955,4
956,4
957,4
958,4
959,4
960,4
961,4
962,4
963,4
964,4
965,4
966,4
967,4
968,4
969,4
970,4
971,4
972,4
973,3
974,4
975,4
976,4
977,4
978,4
979,4
980,4
981,4
982,4
983,4
984,4
985,4
986,4
987,4
988,4
989,4
990,4
991,4
992,4
993,4
994,4
995,4
996,3
997,4
998,4
999,4
1000,4
1001,4
1002,4
1003,4
1004,4
1005,4
1006,4
1007,4
1008,4
1009,4
1010,4
1011,4
1012,4
1013,4
1014,4
1015,4
1016,4
1017,4
1018,4
1019,4
1020,4
1021,4
1022,4
1023,3
1024,4
1025,4
1026,4
1027,4
1028,4
1029,4
1030,3
1031,4
1032,4
1033,4
1034,4
1035,4
1036,4
1037,4
1038,4
1039,4
1040,4
1041,4
1042,4
1043,4
1044,4
1045,4
1046,4
1047,4
1048,4
1049,3
1050,4
1051,3
1052,4
1053,4
1054,4
1055,4
1056,4
1057,4
1058,4
1059,4
1060,3
1061,4
1062,4
1063,0
1064,5
1065,4
1066,3
1067,4
1068,2
1069,2
1070,1
1071,1
1072,3
1073,3
1074,1
1075,3
1076,3
1077,2
1078,4
1079,4
1080,3
1081,4
1082,4
1083,3
1084,3
1085,4
1086,4
1087,3
1088,4
1089,4
1090,4
1091,3
1092,3
1093,4
1094,4
1095,3
1096,4
1097,4
1098,3
1099,4
1100,2
1101,4
1102,4
1103,4
1104,2
1105,4
1106,3
1107,4
1108,4
1109,3
1110,2
1111,3
1112,3
1113,3
1114,3
1115,4
1116,3
1117,4
1118,3
1119,3
1120,3
1121,3
1122,2
1123,2
1124,4
1125,3
1126,4
1127,3
1128,2
1129,4
1130,3
1131,3
1132,4
1133,4
1134,3
1135,4
1136,3
1137,4
1138,4
1139,4
1140,3
1141,3
1142,3
1143,3
1144,4
1145,3
1146,3
1147,4
1148,4
1149,4
1150,4
1151,3
1152,2
1153,4
1154,5
1155,3
1156,4
1157,3
1158,3
1159,5
1160,4
1161,2
1162,3
1163,3
1164,3
1165,4
1166,3
1167,3
1168,3
1169,2
1170,4
1171,2
1172,4
1173,3
1174,4
1175,5
1176,2
1177,3
1178,5
1179,2
1180,3
1181,3
1182,3
1183,3
1184,3
1185,4
1186,4
1187,4
1188,4
1189,2
1190,4
1191,2
1192,2
1193,4
1194,4
1195,3
1196,4
1197,3
1198,3
1199,4
1200,3
1201,3
1202,3
1203,4
1204,1
1205,4
1206,1
1207,3
1208,3
1209,2
1210,4
1211,3
1212,2
1213,3
1214,4
1215,3
1216,3
1217,3
1218,3
1219,4
1220,3
1221,3
1222,4
1223,2
1224,2
1225,4
1226,4
1227,5
1228,2
1229,4
1230,4
1231,1
1232,3
1233,4
1234,5
1235,3
1236,4
1237,2
1238,2
1239,3
1240,3
1241,3
1242,4
1243,2
1244,2
1245,5
1246,4
1247,4
1248,3
1249,2
1250,1
1251,4
1252,3
1253,5
1254,4
1255,2
1256,4
1257,2
1258,4
1259,3
1260,3
1261,3
1262,3
1263,3
1264,3
1265,3
1266,3
1267,3
1268,2
1269,2
1270,3
1271,4
1272,2
1273,2
1274,4
1275,1
1276,2
1277,3
1278,3
1279,2
1280,3
1281,3
1282,4
1283,4
1284,3
1285,3
1286,3
1287,4
1288,4
1289,4
1290,3
1291,3
1292,3
1293,2
1294,4
1295,4
1296,2
1297,3
1298,3
1299,4
1300,2
1301,3
1302,4
1303,1
1304,4
1305,1
1306,4
1307,2
1308,4
1309,3
1310,3
1311,3
1312,3
1313,3
1314,4
1315,4
1316,4
1317,4
1318,4
1319,3
1320,3
1321,3
1322,3
1323,4
1324,3
1325,3
1326,2
1327,4
1328,4
1329,4
1330,4
1331,4
1332,4
1333,3
1334,4
1335,4
1336,2
1337,4
1338,4
1339,3
1340,4
1341,3
1342,4
1343,3
1344,3
1345,5
1346,4
1347,4
1348,2
1349,4
1350,4
1351,3
1352,3
1353,4
1354,2
1355,3
1356,2
1357,3
1358,3
1359,4
1360,3
1361,3
1362,2
1363,3
1364,4
1365,4
1366,4
1367,1
1368,4
1369,2
1370,4
1371,3
1372,1
1373,2
1374,2
1375,3
1376,4
1377,2
1378,3
1379,3
1380,4
1381,3
1382,4
1383,4
1384,4
1385,2
1386,3
1387,3
1388,3
1389,5
1390,3
1391,3
1392,3
1393,3
1394,4
1395,4
1396,4
1397,3
1398,3
1399,4
1400,4
1401,2
1402,4
1403,2
1404,4
1405,3
1406,3
1407,3
1408,2
1409,2
1410,4
1411,4
1412,3
1413,2
1414,5
1415,3
1416,3
1417,3
1418,1
1419,4
1420,2
1421,3
1422,4
1423,3
1424,3
1425,2
1426,2
1427,3
1428,3
1429,4
1430,4
1431,4
1432,3
1433,3
1434,4
1435,2
1436,3
1437,3
1438,5
1439,5
1440,2
1441,2
1442,2
1443,3
1444,3
1445,4
1446,4
1447,4
1448,3
1449,3
1450,3
1451,3
1452,4
1453,4
1454,2
1455,3
1456,4
1457,4
1458,2
1459,3
1460,3
1461,3
1462,2
1463,3
1464,3
1465,3
1466,3
1467,3
1468,4
1469,3
1470,1
1471,4
1472,4
1473,4
1474,3
1475,4
1476,3
1477,4
1478,4
1479,4
1480,4
1481,3
1482,3
1483,4
1484,3
1485,4
1486,4
1487,4
1488,4
1489,4
1490,2
1491,4
1492,3
1493,3
1494,4
1495,3
1496,5
1497,4
1498,4
1499,4
1500,4
1501,4
1502,5
1503,4
1504,4
1505,4
1506,3
1507,4
1508,4
1509,4
1510,4
1511,4
1512,4
1513,4
1514,4
1515,4
1516,4
1517,4
1518,4
1519,4
1520,4
1521,4
1522,4
1523,4
1524,4
1525,4
1526,4
1527,4
1528,4
1529,4
1530,4
1531,4
1532,3
1533,3
1534,3
1535,3
1536,2
1537,3
1538,2
1539,2
1540,2
1541,2
1542,2
1543,3
1544,2
1545,4
1546,3
1547,2
1548,2
1549,4
1550,2
1551,3
1552,2
1553,3
1554,3
1555,2
1556,2
1557,4
1558,2
1559,2
1560,4
1561,4
1562,3
1563,4
1564,3
1565,3
1566,3
1567,3
1568,4
1569,3
1570,2
1571,1
1572,3
1573,4
1574,3
1575,3
1576,3
1577,3
1578,3
1579,2
1580,3
1581,3
1582,4
1583,4
1584,3
1585,3
1586,3
1587,3
1588,3
1589,3
1590,2
1591,4
1592,4
1593,3
1594,3
1595,3
1596,3
1597,3
1598,2
1599,4
1600,4
1601,4
1602,3
1603,3
1604,3
1605,4
1606,2
1607,3
1608,4
1609,4
1610,4
1611,2
1612,3
1613,4
1614,3
1615,2
1616,3
1617,4
1618,4
1619,4
1620,4
1621,3
1622,3
1623,2
1624,1
1625,4
1626,4
1627,4
1628,4
1629,4
1630,4
1631,4
1632,4
1633,3
1634,4
1635,4
1636,4
1637,4
1638,3
1639,4
1640,4
1641,4
1642,4
1643,3
1644,4
1645,3
1646,3
1647,5
1648,4
1649,3
1650,4
1651,4
1652,4
1653,3
1654,4
1655,3
1656,2
1657,4
1658,4
1659,2
1660,4
1661,3
1662,2
1663,4
1664,3
1665,4
1666,3
1667,4
1668,3
1669,4
1670,4
1671,3
1672,3
1673,3
1674,3
1675,4
1676,4
1677,3
1678,4
1679,4
1680,3
1681,3
1682,3
1683,2
1684,3
1685,3
1686,4
1687,3
1688,3
1689,4
1690,4
1691,4
1692,3
1693,3
1694,3
1695,3
1696,4
1697,4
1698,3
1699,4
1700,3
1701,3
1702,3
1703,4
1704,3
1705,3
1706,2
1707,4
1708,2
1709,4
1710,4
1711,2
1712,2
1713,3
1714,3
1715,3
1716,4
1717,3
1718,3
1719,3
1720,1
1721,4
1722,4
1723,3
1724,3
1725,3
1726,3
1727,4
1728,4
1729,3
1730,4
1731,4
1732,4
1733,4
1734,4
1735,4
1736,4
1737,4
1738,4
1739,4
1740,3
1741,4
1742,2
1743,0
1744,3
1745,4
1746,3
1747,3
1748,4
1749,4
1750,4
1751,4
1752,4
1753,4
1754,4
1755,4
1756,4
1757,4
1758,4
1759,4
1760,4
1761,4
1762,4
1763,4
1764,4
1765,4
1766,3
1767,2
1768,3
1769,3
1770,3
1771,3
1772,4
1773,3
1774,4
1775,2
1776,3
1777,4
1778,3
1779,3
1780,4
1781,3
1782,3
1783,2
1784,4
1785,4
1786,2
1787,2
1788,4
1789,3
1790,3
1791,3
1792,2
1793,3
1794,4
1795,4
1796,3
1797,4
1798,4
1799,4
1800,3
1801,3
1802,4
1803,3
1804,4
1805,3
1806,4
1807,5
1808,3
1809,2
1810,4
1811,4
1812,4
1813,3
1814,4
1815,4
1816,3
1817,4
1818,3
1819,3
1820,4
1821,4
1822,4
1823,4
1824,4
1825,4
1826,3
1827,4
1828,4
1829,3
1830,4
1831,4
1832,4
1833,3
1834,3
1835,4
1836,3
1837,4
1838,3
1839,2
1840,4
1841,4
1842,4
1843,4
1844,4
1845,5
1846,4
1847,4
1848,3
1849,3
1850,4
1851,4
1852,2
1853,3
1854,3
1855,3
1856,4
1857,4
1858,3
1859,3
1860,3
1861,4
1862,3
1863,4
1864,4
1865,3
1866,2
1867,4
1868,3
1869,4
1870,4
1871,3
1872,4
1873,3
1874,4
1875,3
1876,3
1877,4
1878,3
1879,3
1880,3
1881,3
1882,3
1883,2
1884,3
1885,3
1886,3
1887,3
1888,2
1889,3
1890,2
1891,2
1892,2
1893,2
1894,2
1895,3
1896,2
1897,3
1898,3
1899,4
1900,3
1901,3
1902,4
1903,2
1904,3
1905,4
1906,4
1907,4
1908,4
1909,4
1910,2
1911,2
1912,4
1913,3
1914,3
1915,2
1916,3
1917,4
1918,3
1919,2
1920,3
1921,3
1922,3
1923,3
1924,3
1925,3
1926,4
1927,3
1928,3
1929,4
1930,3
1931,3
1932,3
1933,2
1934,4
1935,3
1936,4
1937,3
1938,3
1939,3
1940,4
1941,3
1942,4
1943,3
1944,4
1945,3
1946,4
1947,3
1948,4
1949,3
1950,4
1951,3
1952,4
1953,4
1954,3
1955,1
1956,3
1957,2
1958,2
1959,2
1960,4
1961,3
1962,4
1963,3
1964,2
1965,3
1966,3
1967,4
1968,3
1969,3
1970,2
1971,4
1972,2
1973,4
1974,4
1975,3
1976,3
1977,3
1978,3
1979,3
1980,2
1981,4
1982,4
1983,3
1984,3
1985,2
1986,4
1987,3
1988,3
1989,3
1990,3
1991,3
1992,4
1993,4
1994,3
1995,3
1996,4
1997,4
1998,4
1999,3
2000,2
2001,2
2002,4
2003,2
2004,4
2005,4
2006,4
2007,2
2008,3
2009,1
2010,4
2011,3
2012,2
2013,2
2014,1
2015,3
2016,3
2017,2
2018,3
2019,3
2020,2
2021,3
2022,3
2023,3
2024,3
2025,3
2026,3
2027,4
2028,3
2029,3
2030,3
2031,3
2032,3
2033,3
2034,3
2035,2
2036,3
2037,3
2038,3
2039,4
2040,4
2041,2
2042,1
2043,2
2044,4
2045,4
2046,2
2047,4
2048,3
2049,1
2050,3
2051,3
2052,2
2053,3
2054,4
2055,5
2056,5
2057,3
2058,3
2059,3
2060,2
2061,4
2062,4
2063,4
2064,3
2065,5
2066,2
2067,4
2068,3
2069,4
2070,4
2071,3
2072,3
2073,3
2074,4
2075,4
2076,3
2077,3
2078,4
2079,4
2080,4
2081,2
2082,3
2083,4
2084,3
2085,3
2086,3
2087,4
2088,4
2089,4
2090,4
2091,4
2092,4
2093,3
2094,3
2095,3
2096,4
2097,4
2098,3
2099,3
2100,4
2101,4
2102,4
2103,5
2104,3
2105,4
2106,4
2107,3
2108,4
2109,4
2110,4
2111,5
2112,4
2113,3
2114,3
2115,3
2116,3
2117,2
2118,2
2119,4
2120,5
2121,4
2122,5
2123,5
2124,4
2125,4
2126,2
2127,4
2128,3
2129,4
2130,3
2131,4
2132,4
2133,4
2134,3
2135,4
2136,3
2137,3
2138,4
2139,3
2140,3
2141,5
2142,3
2143,3
2144,4
2145,2
2146,3
2147,4
2148,3
2149,4
2150,4
2151,3
2152,3
2153,4
2154,3
2155,4
2156,4
2157,3
2158,4
2159,2
2160,3
2161,4
2162,2
2163,3
2164,4
2165,3
2166,4
2167,4
2168,3
2169,3
2170,4
2171,2
2172,2
2173,3
2174,4
2175,3
2176,3
2177,2
2178,2
2179,4
2180,3
2181,3
2182,3
2183,4
2184,4
2185,4
2186,4
2187,4
2188,3
2189,4
2190,4
2191,2
2192,3
2193,3
2194,4
2195,3
2196,4
2197,3
2198,4
2199,4
2200,3
2201,3
2202,4
2203,4
2204,4
2205,4
2206,3
2207,3
2208,4
2209,4
2210,4
2211,3
2212,4
2213,4
2214,3
2215,4
2216,4
2217,2
2218,2
2219,3
2220,2
2221,3
2222,4
2223,3
2224,3
2225,4
2226,4
2227,3
2228,4
2229,3
2230,4
2231,2
2232,3
2233,4
2234,2
2235,2
2236,4
2237,3
2238,3
2239,3
2240,4
2241,3
2242,4
2243,2
2244,2
2245,3
2246,4
2247,3
2248,3
2249,4
2250,3
2251,2
2252,2
2253,3
2254,2
2255,4
2256,3
2257,2
2258,2
2259,2
2260,4
2261,4
2262,3
2263,3
2264,3
2265,2
2266,2
2267,3
2268,3
2269,3
2270,3
2271,5
2272,4
2273,3
2274,4
2275,5
2276,3
2277,0
2278,4
2279,4
2280,4
2281,2
2282,2
2283,3
2284,4
2285,4
2286,4
2287,3
2288,4
2289,4
2290,4
2291,3
2292,3
2293,3
2294,4
2295,3
2296,4
2297,3
2298,3
2299,1
2300,3
2301,4
2302,4
2303,4
2304,3
2305,3
2306,3
2307,2
2308,4
2309,5
2310,3
2311,2
2312,4
2313,1
2314,4
2315,2
2316,2
2317,3
2318,4
2319,4
2320,3
2321,3
2322,4
2323,2
2324,5
2325,4
2326,4
2327,3
2328,4
2329,2
2330,2
2331,3
2332,4
2333,3
2334,3
2335,4
2336,4
2337,3
2338,3
2339,4
2340,4
2341,4
2342,4
2343,4
2344,4
2345,4
2346,4
2347,5
2348,4
2349,4
2350,4
2351,4
2352,4
2353,4
2354,4
2355,4
2356,4
2357,4
2358,5
2359,3
2360,4
2361,3
2362,3
2363,3
2364,4
2365,5
2366,4
2367,4
2368,4
2369,4
2370,3
2371,4
2372,4
2373,2
2374,4
2375,4
2376,3
2377,4
2378,3
2379,4
2380,3
2381,4
2382,4
2383,4
2384,4
2385,2
2386,4
2387,2
2388,4
2389,4
2390,3
2391,3
2392,2
2393,5
2394,5
2395,4
2396,5
2397,4
2398,3
2399,4
2400,4
2401,4
2402,3
2403,4
2404,4
2405,4
2406,2
2407,3
2408,4
2409,4
2410,4
2411,2
2412,4
2413,1
2414,3
2415,3
2416,4
2417,4
2418,4
2419,4
2420,4
2421,2
2422,3
2423,4
2424,3
2425,4
2426,4
2427,4
2428,5
2429,4
2430,4
2431,3
2432,3
2433,4
2434,4
2435,3
2436,4
2437,4
2438,4
2439,4
2440,4
2441,4
2442,5
2443,4
2444,3
2445,3
2446,2
2447,1
2448,4
2449,3
2450,3
2451,1
2452,4
2453,3
2454,3
2455,3
2456,3
2457,4
2458,4
2459,4
2460,4
2461,4
2462,3
2463,3
2464,3
2465,4
2466,4
2467,4
2468,4
2469,4
2470,4
2471,4
2472,4
2473,3
2474,4
2475,4
2476,4
2477,4
2478,3
2479,4
2480,4
2481,3
2482,4
2483,4
2484,3
2485,4
2486,3
2487,3
2488,4
2489,4
2490,4
2491,4
2492,3
2493,4
2494,4
2495,4
2496,3
2497,4
2498,4
2499,4
2500,3
2501,4
2502,4
2503,4
2504,4
2505,5
2506,2
2507,4
2508,4
2509,4
2510,4
2511,4
2512,3
2513,4
2514,3
2515,3
2516,3
2517,3
2518,4
2519,3
2520,4
2521,4
2522,4
2523,3
2524,3
2525,4
2526,4
2527,4
2528,4
2529,2
2530,3
2531,2
2532,4
2533,3
2534,4
2535,4
2536,4
2537,3
2538,3
2539,3
2540,4
2541,3
2542,4
2543,3
2544,4
2545,5
2546,4
2547,4
2548,4
2549,3
2550,4
2551,3
2552,3
2553,4
2554,4
2555,3
2556,4
2557,3
2558,2
2559,4
2560,3
2561,4
2562,3
2563,4
2564,4
2565,3
2566,1
2567,4
2568,4
2569,4
2570,3
2571,4
2572,4
2573,4
2574,4
2575,5
2576,4
2577,4
2578,3
2579,3
2580,3
2581,2
2582,4
2583,4
2584,4
2585,4
2586,5
2587,4
2588,4
2589,4
2590,4
2591,4
2592,4
2593,3
2594,4
2595,3
2596,2
2597,4
2598,2
2599,4
2600,2
2601,4
2602,4
2603,4
2604,3
2605,2
2606,3
2607,3
2608,4
2609,4
2610,3
2611,3
2612,3
2613,4
2614,3
2615,3
2616,3
2617,4
2618,4
2619,3
2620,3
2621,3
2622,4
2623,3
2624,4
2625,2
2626,3
2627,4
2628,3
2629,3
2630,3
2631,3
2632,4
2633,1
2634,5
2635,4
2636,4
2637,3
2638,2
2639,3
2640,4
2641,4
2642,2
2643,4
2644,3
2645,2
2646,3
2647,3
2648,4
2649,1
2650,3
2651,4
2652,4
2653,4
2654,4
2655,4
2656,4
2657,2
2658,2
2659,4
2660,3
2661,4
2662,2
2663,3
2664,2
2665,3
2666,4
2667,4
2668,4
2669,4
2670,4
2671,1
2672,3
2673,3
2674,4
2675,4
2676,2
2677,4
2678,4
2679,4
2680,4
2681,3
2682,2
2683,4
2684,5
2685,4
2686,4
2687,4
2688,4
2689,4
2690,4
2691,4
2692,4
2693,4
2694,4
2695,4
2696,4
2697,3
2698,2
2699,4
2700,3
2701,4
2702,3
2703,2
2704,2
2705,3
2706,2
2707,2
2708,3
2709,3
2710,4
2711,3
2712,4
2713,3
2714,2
2715,2
2716,4
2717,3
2718,4
2719,4
2720,4
2721,3
2722,4
2723,4
2724,3
2725,4
2726,4
2727,4
2728,4
2729,3
2730,4
2731,4
2732,3
2733,3
2734,2
2735,3
2736,4
2737,3
2738,2
2739,1
2740,4
2741,4
2742,3
2743,5
2744,3
2745,2
2746,2
2747,3
2748,2
2749,3
2750,3
2751,3
2752,5
2753,4
2754,4
2755,3
2756,4
2757,3
2758,3
2759,4
2760,4
2761,4
2762,4
2763,3
2764,3
2765,4
2766,1
2767,4
2768,3
2769,4
2770,4
2771,5
2772,4
2773,4
2774,4
2775,4
2776,4
2777,4
2778,3
2779,3
2780,4
2781,4
2782,3
2783,3
2784,3
2785,3
2786,3
2787,4
2788,4
2789,3
2790,4
2791,4
2792,3
2793,4
2794,4
2795,3
2796,4
2797,4
2798,4
2799,4
2800,4
2801,4
2802,4
2803,4
2804,3
2805,4
2806,2
2807,4
2808,3
2809,3
2810,3
2811,2
2812,4
2813,3
2814,4
2815,2
2816,4
2817,3
2818,4
2819,4
2820,3
2821,4
2822,2
2823,3
2824,3
2825,4
2826,3
2827,4
2828,4
2829,3
2830,4
2831,4
2832,4
2833,4
2834,3
2835,4
2836,3
2837,4
2838,4
2839,3
2840,4
2841,4
2842,3
2843,4
2844,4
2845,3
2846,4
2847,2
2848,2
2849,3
2850,3
2851,2
2852,3
2853,3
2854,3
2855,2
2856,2
2857,1
2858,5
2859,4
2860,4
2861,4
2862,2
2863,5
2864,4
2865,4
2866,4
2867,4
2868,3
2869,3
2870,1
2871,4
2872,1
2873,4
2874,4
2875,3
2876,2
2877,4
2878,2
2879,4
2880,3
2881,4
2882,3
2883,5
2884,3
2885,3
2886,3
2887,2
2888,3
2889,3
2890,3
2891,3
2892,4
2893,4
2894,3
2895,3
2896,4
2897,4
2898,4
2899,4
2900,4
2901,4
2902,3
2903,4
2904,4
2905,4
2906,4
2907,3
2908,4
2909,2
2910,3
2911,4
2912,4
2913,4
2914,5
2915,4
2916,3
2917,3
2918,4
2919,3
2920,3
2921,3
2922,3
2923,4
2924,3
2925,3
2926,4
2927,4
2928,4
2929,3
2930,4
2931,4
2932,4
2933,3
2934,5
2935,4
2936,4
2937,3
2938,4
2939,4
2940,4
2941,4
2942,4
2943,3
2944,2
2945,2
2946,2
2947,4
2948,3
2949,2
2950,2
2951,4
2952,3
2953,3
2954,3
2955,4
2956,3
2957,4
2958,4
2959,3
2960,3
2961,4
2962,3
2963,3
2964,3
2965,3
2966,3
2967,4
2968,3
2969,3
2970,4
2971,3
2972,3
2973,2
2974,4
2975,2
2976,4
2977,4
2978,3
2979,2
2980,4
2981,4
2982,4
2983,4
2984,4
2985,3
2986,4
2987,4
2988,4
2989,4
2990,5
2991,4
2992,5
2993,3
2994,4
2995,4
2996,4
2997,3
2998,3
2999,5
3000,3
3001,3
3002,3
3003,3
3004,2
3005,3
3006,5
3007,4
3008,4
3009,4
3010,4
3011,3
3012,2
3013,2
3014,3
3015,3
3016,3
3017,3
3018,3
3019,2
3020,2
3021,3
3022,2
3023,2
3024,4
3025,3
3026,3
3027,3
3028,4
3029,4
3030,4
3031,4
3032,4
3033,4
3034,4
3035,3
3036,4
3037,3
3038,2
3039,2
3040,4
3041,2
3042,4
3043,4
3044,3
3045,3
3046,3
3047,2
3048,4
3049,3
3050,3
3051,4
3052,4
3053,4
3054,1
3055,2
3056,2
3057,3
3058,2
3059,3
3060,2
3061,3
3062,2
3063,4
3064,3
3065,3
3066,3
3067,3
3068,4
3069,5
3070,2
3071,1
3072,4
3073,2
3074,4
3075,4
3076,5
3077,3
3078,3
3079,4
3080,4
3081,5
3082,4
3083,4
3084,4
3085,2
3086,3
3087,4
3088,3
3089,3
3090,3
3091,2
3092,3
3093,4
3094,3
3095,3
3096,4
3097,4
3098,4
3099,2
3100,3
3101,5
3102,4
3103,3
3104,0
3105,3
3106,3
3107,2
3108,3
3109,1
3110,3
3111,3
3112,1
3113,3
3114,4
3115,3
3116,2
3117,4
3118,3
3119,4
3120,4
3121,3
3122,5
3123,4
3124,4
3125,4
3126,3
3127,4
3128,4
3129,4
3130,3
3131,3
3132,4
3133,2
3134,3
3135,4
3136,3
3137,4
3138,3
3139,4
3140,3
3141,4
3142,3
3143,3
3144,0
3145,4
3146,3
3147,2
3148,4
3149,3
3150,3
3151,4
3152,3
3153,4
3154,4
3155,2
3156,5
3157,3
3158,4
3159,4
3160,4
3161,4
3162,2
3163,3
3164,2
3165,2
3166,3
3167,3
3168,3
3169,2
3170,3
3171,3
3172,3
3173,5
3174,4
3175,2
3176,3
3177,4
3178,4
3179,4
3180,3
3181,3
3182,4
3183,3
3184,3
3185,2
3186,3
3187,2
3188,4
3189,3
3190,3
3191,3
3192,3
3193,3
3194,4
3195,1
3196,2
3197,3
3198,3
3199,3
3200,4
3201,2
3202,3
3203,3
3204,3
3205,2
3206,3
3207,3
3208,3
3209,4
3210,4
3211,4
3212,4
3213,3
3214,4
3215,2
3216,4
3217,3
3218,4
3219,4
3220,3
3221,3
3222,3
3223,4
3224,3
3225,3
3226,3
3227,3
3228,1
3229,4
3230,3
3231,3
3232,2
3233,4
3234,4
3235,4
3236,3
3237,4
3238,3
3239,2
3240,3
3241,3
3242,4
3243,2
3244,4
3245,4
3246,3
3247,0
3248,3
3249,2
3250,3
3251,3
3252,4
3253,4
3254,3
3255,3
3256,3
3257,3
3258,2
3259,3
3260,2
3261,1
3262,5
3263,4
3264,4
3265,3
3266,3
3267,1
3268,3
3269,4
3270,4
3271,5
3272,3
3273,3
3274,3
3275,2
3276,4
3277,3
3278,4
3279,4
3280,4
3281,1
3282,4
3283,3
3284,4
3285,2
3286,4
3287,5
3288,3
3289,3
3290,4
3291,3
3292,4
3293,3
3294,2
3295,3
3296,4
3297,3
3298,4
3299,3
3300,3
3301,4
3302,2
3303,2
3304,5
3305,4
3306,2
3307,2
3308,4
3309,2
3310,3
3311,2
3312,4
3313,3
3314,3
3315,2
3316,1
3317,2
3318,3
3319,1
3320,3
3321,2
3322,3
3323,4
3324,4
3325,4
3326,4
3327,3
3328,4
3329,4
3330,4
3331,4
3332,4
3333,3
3334,4
3335,4
3336,4
3337,4
3338,4
3339,4
3340,4
3341,4
3342,4
3343,4
3344,4
3345,3
3346,4
3347,5
3348,2
3349,3
3350,2
3351,1
3352,3
3353,4
3354,3
3355,4
3356,3
3357,1
3358,4
3359,4
3360,4
3361,4
3362,4
3363,3
3364,3
3365,4
3366,2
3367,4
3368,4
3369,3
3370,3
3371,3
3372,3
3373,2
3374,3
3375,4
3376,4
3377,4
3378,3
3379,3
3380,2
3381,3
3382,2
3383,2
3384,4
3385,5
3386,2
3387,2
3388,4
3389,4
3390,1
3391,3
3392,3
3393,2
3394,3
3395,3
3396,4
3397,2
3398,3
3399,3
3400,4
3401,3
3402,3
3403,4
3404,3
3405,3
3406,3
3407,3
3408,2
3409,4
3410,2
3411,4
3412,3
3413,4
3414,4
3415,3
3416,2
3417,5
3418,4
3419,2
3420,4
3421,4
3422,3
3423,4
3424,2
3425,3
3426,3
3427,3
3428,3
3429,4
3430,3
3431,4
3432,4
3433,4
3434,2
3435,3
3436,4
3437,3
3438,5
3439,4
3440,2
3441,5
3442,3
3443,3
3444,3
3445,4
3446,4
3447,1
3448,3
3449,4
3450,4
3451,4
3452,2
3453,4
3454,4
3455,3
3456,3
3457,4
3458,3
3459,3
3460,2
3461,3
3462,3
3463,2
3464,3
3465,4
3466,4
3467,4
3468,3
3469,3
3470,4
3471,1
3472,3
3473,2
3474,4
3475,3
3476,4
3477,2
3478,2
3479,4
3480,3
3481,1
3482,4
3483,2
3484,3
3485,3
3486,4
3487,4
3488,4
3489,2
3490,4
3491,3
3492,4
3493,4
3494,2
3495,3
3496,4
3497,3
3498,4
3499,4
3500,5
3501,4
3502,2
3503,4
3504,4
3505,4
3506,2
3507,5
3508,4
3509,4
3510,2
3511,3
3512,3
3513,3
3514,4
3515,2
3516,3
3517,2
3518,4
3519,4
3520,5
3521,3
3522,4
3523,4
3524,5
3525,4
3526,4
3527,4
3528,0
3529,4
3530,3
3531,4
3532,1
3533,4
3534,4
3535,3
3536,2
3537,2
3538,2
3539,2
3540,3
3541,4
3542,3
3543,2
3544,3
3545,4
3546,3
3547,3
3548,4
3549,3
3550,4
3551,3
3552,1
3553,3
3554,3
3555,3
3556,3
3557,2
3558,3
3559,4
3560,5
3561,3
3562,3
3563,4
3564,5
3565,4
3566,4
3567,2
3568,3
3569,2
3570,2
3571,1
3572,2
3573,4
3574,4
3575,4
3576,4
3577,1
3578,3
3579,3
3580,3
3581,2
3582,3
3583,4
3584,2
3585,4
3586,4
3587,2
3588,3
3589,3
3590,1
3591,3
3592,4
3593,3
3594,3
3595,3
3596,5
3597,4
3598,5
3599,4
3600,1
3601,4
3602,3
3603,3
3604,4
3605,4
3606,2
3607,5
3608,4
3609,3
3610,4
3611,4
3612,5
3613,1
3614,2
3615,4
3616,3
3617,2
3618,1
3619,2
3620,4
3621,3
3622,5
3623,3
3624,1
3625,4
3626,5
3627,3
3628,3
3629,3
3630,3
3631,4
3632,2
3633,2
3634,5
3635,3
3636,4
3637,2
3638,3
3639,5
3640,3
3641,2
3642,2
3643,3
3644,2
3645,4
3646,4
3647,3
3648,4
3649,4
3650,3
3651,2
3652,2
3653,3
3654,4
3655,4
3656,4
3657,4
3658,4
3659,4
3660,4
3661,1
3662,2
3663,3
3664,3
3665,1
3666,2
3667,3
3668,3
3669,4
3670,3
3671,2
3672,4
3673,4
3674,0
3675,2
3676,1
3677,4
3678,2
3679,2
3680,3
3681,5
3682,3
3683,4
3684,4
3685,3
3686,3
3687,4
3688,4
3689,4
3690,4
3691,4
3692,4
3693,5
3695,3
3696,2
3697,1
3698,5
3699,3
3700,3
3701,3
3702,2
3703,4
3704,4
3705,5
3706,4
3707,2
3708,3
3709,5
3710,3
3711,4
3712,3
3713,2
3714,1
3715,3
3716,4
3717,2
3718,4
3719,4
3720,2
3721,2
3722,2
3723,2
3724,2
3725,4
3726,4
3727,0
3728,4
3729,5
3730,2
3731,2
3732,4
3734,4
3735,4
3736,3
3737,3
3738,3
3739,3
3740,4
3741,4
3742,3
3743,1
3744,3
3745,2
3746,5
3747,2
3748,4
3749,5
3750,3
3751,4
3752,5
3753,4
3754,4
3755,4
3756,4
3757,4
3758,3
3759,3
3760,4
3761,4
3762,4
3763,4
3764,3
3765,3
3766,4
3767,3
3768,2
3769,4
3770,5
3771,3
3772,4
3773,4
3774,3
3775,3
3776,4
3777,2
3778,3
3779,3
3780,2
3781,2
3782,4
3783,3
3784,4
3785,4
3786,3
3787,4
3788,2
3789,3
3790,4
3791,1
3792,4
3793,3
3794,4
3795,3
3796,3
3797,4
3798,4
3799,3
3800,1
3801,1
3802,4
3803,4
3804,4
3805,2
3806,4
3807,3
3808,4
3809,4
3810,3
3811,3
3812,2
3813,4
3814,3
3815,3
3816,3
3817,4
3818,3
3819,4
3820,3
3821,4
3822,4
3823,3
3824,4
3825,3
3826,4
3827,2
3828,4
3829,4
3830,3
3831,5
3832,3
3833,3
3834,4
3835,3
3836,5
3837,3
3838,2
3839,2
3840,3
3841,2
3842,3
3843,3
3844,4
3845,3
3846,4
3847,3
3848,4
3849,4
3850,4
3851,4
3852,3
3853,4
3854,4
3855,4
3856,3
3857,4
3858,3
3859,3
3860,3
3861,3
3862,4
3863,4
3864,3
3865,4
3866,1
3867,3
3868,3
3869,2
3870,3
3871,3
3872,4
3873,4
3874,4
3875,2
3876,3
3877,4
3878,4
3879,4
3880,3
3881,3
3882,3
3883,4
3884,3
3885,4
3886,2
3887,3
3888,3
3889,3
3890,2
3891,5
3892,3
3893,3
3894,4
3895,4
3896,3
3897,3
3898,3
3899,4
3900,2
3901,4
3902,4
3903,2
3904,4
3905,3
3906,1
3907,3
3908,4
3909,2
3910,2
3911,3
3912,3
3913,3
3914,4
3915,3
3916,4
3917,2
3918,4
3919,4
3920,2
3921,5
3922,2
3923,4
3924,3
3925,3
3926,4
3927,5
3928,2
3929,4
3930,4
3931,4
3932,4
3933,3
3934,3
3935,3
3936,4
3937,3
3938,3
3939,4
3940,3
3941,2
3942,1
3943,4
3944,3
3945,4
3946,3
3947,4
3948,5
3949,4
3950,4
3951,4
3952,2
3953,4
3954,4
3955,4
3956,3
3957,3
3958,5
3959,0
3960,4
3961,3
3962,4
3963,4
3964,2
3965,3
3966,2
3967,4
3968,4
3969,4
3970,4
3971,3
3972,4
3973,4
3974,4
3975,3
3976,4
3977,3
3978,4
3979,4
3980,4
3981,4
3982,4
3983,4
3985,3
3986,2
3987,2
3988,4
3989,3
3990,3
3991,4
3992,2
3993,4
3994,4
3995,4
3996,3
3997,2
3998,4
3999,4
4000,4
4001,4
4002,4
4003,3
4004,3
4005,3
4006,4
4007,1
4008,1
4009,4
4010,4
4011,1
4012,5
4013,4
4014,4
4015,4
4016,4
4017,4
4018,1
4019,3
4020,5
4021,2
4022,2
4023,4
4024,5
4025,2
4026,2
4027,1
4028,4
4029,3
4030,2
4031,2
4032,4
4033,5
4034,3
4035,3
4036,3
4037,4
4038,4
4039,3
4040,4
4041,2
4042,0
4043,2
4044,3
4045,3
4046,3
4047,4
4049,4
4050,4
4051,3
4052,3
4053,3
4054,4
4055,3
4056,3
4057,4
4058,5
4059,4
4060,3
4061,3
4062,4
4063,3
4064,3
4065,3
4066,3
4067,2
4068,3
4069,3
4070,4
4071,2
4072,4
4073,4
4074,4
4075,4
4076,3
4077,2
4078,4
4079,3
4080,4
4081,2
4082,3
4083,4
4084,4
4085,4
4086,4
4087,1
4088,2
4089,3
4090,0
4091,4
4092,3
4093,2
4094,4
4095,1
4096,3
4097,4
4098,1
4099,4
4100,4
4101,4
4102,4
4103,4
4104,3
4105,4
4106,4
4107,4
4108,4
4109,4
4110,4
4111,3
4112,3
4113,3
4114,4
4115,1
4116,4
4117,3
4118,3
4119,4
4120,2
4121,0
4122,4
4123,3
4124,2
4125,3
4126,4
4127,2
4128,3
4129,4
4130,4
4131,2
4132,5
4133,3
4134,3
4135,4
4136,3
4137,4
4138,2
4139,4
4140,4
4141,4
4142,3
4143,2
4144,3
4145,2
4146,2
4147,1
4148,3
4149,4
4150,2
4151,3
4152,3
4153,1
4154,3
4155,3
4156,5
4157,4
4158,3
4159,2
4160,3
4161,3
4162,3
4163,4
4164,3
4165,4
4166,5
4167,4
4168,3
4169,3
4170,1
4171,2
4172,4
4173,3
4174,2
4175,3
4176,4
4177,1
4178,1
4179,4
4180,0
4181,4
4182,2
4183,3
4184,4
4185,3
4186,3
4187,2
4188,2
4189,4
4190,1
4191,3
4192,3
4193,4
4194,3
4195,4
4196,4
4197,2
4198,1
4199,2
4200,4
4201,4
4202,2
4203,2
4204,3
4205,3
4206,3
4207,3
4208,2
4209,3
4210,1
4211,3
4212,2
4213,2
4214,1
4215,2
4216,2
4217,4
4218,2
4219,3
4220,4
4221,4
4222,4
4223,4
4224,4
4225,4
4226,2
4227,3
4228,4
4229,3
4230,2
4231,3
4232,4
4233,4
4234,3
4235,2
4236,4
4237,2
4238,3
4239,4
4240,4
4241,4
4242,4
4243,3
4244,2
4245,3
4246,4
4247,4
4248,2
4249,3
4250,4
4251,3
4252,4
4253,3
4254,4
4255,4
4256,3
4257,2
4258,3
4259,4
4260,4
4261,4
4262,0
4263,4
4264,3
4265,3
4266,2
4267,3
4268,4
4269,4
4270,2
4271,4
4272,4
4273,4
4274,4
4275,2
4276,3
4277,2
4278,4
4279,4
4280,1
4281,3
4282,3
4283,3
4284,2
4285,4
4286,2
4287,3
4288,4
4289,2
4290,4
4291,2
4292,3
4293,2
4294,2
4295,4
4296,4
4297,4
4298,4
4299,3
4300,2
4301,5
4302,4
4303,4
4304,3
4305,4
4306,2
4307,2
4308,4
4309,4
4310,2
4311,3
4312,2
4313,1
4314,4
4315,3
4316,4
4317,3
4318,4
4319,4
4320,2
4321,2
4322,3
4323,3
4324,4
4325,1
4326,4
4327,4
4328,4
4329,4
4330,4
4331,4
4332,5
4333,3
4334,4
4335,1
4336,3
4337,3
4338,4
4339,4
4340,4
4341,2
4342,4
4343,4
4344,3
4345,0
4346,3
4347,4
4348,1
4349,2
4350,0
4351,5
4352,4
4353,4
4354,4
4355,3
4356,4
4357,2
4358,2
4359,4
4360,4
4361,2
4362,1
4363,2
4364,3
4365,2
4366,4
4367,3
4368,4
4369,4
4370,2
4371,2
4372,4
4373,4
4374,2
4375,1
4376,3
4377,4
4378,4
4379,2
4380,3
4381,3
4382,3
4383,2
4384,4
4385,4
4386,3
4387,2
4388,3
4389,2
4390,2
4391,3
4392,3
4393,3
4394,4
4395,4
4396,4
4397,4
4398,4
4399,4
4400,3
4401,2
4402,3
4403,5
4404,4
4405,2
4406,4
4407,3
4408,2
4409,4
4410,2
4411,4
4412,4
4413,4
4414,4
4416,3
4417,3
4418,4
4419,4
4420,4
4421,3
4422,4
4423,4
4424,3
4425,4
4426,4
4427,4
4428,1
4429,4
4430,1
4431,1
4432,1
4433,4
4434,4
4435,4
4436,4
4437,3
4438,3
4439,4
4440,5
4441,4
4442,3
4443,4
4444,2
4445,4
4446,4
4447,4
4448,4
4449,2
4450,2
4451,3
4452,3
4453,4
4454,4
4455,4
4456,4
4457,4
4458,3
4459,3
4460,4
4461,2
4462,4
4463,3
4464,3
4465,2
4466,4
4467,2
4468,4
4469,3
4470,5
4471,0
4472,4
4473,3
4474,4
4475,4
4476,4
4477,4
4478,3
4479,4
4480,4
4481,2
4482,4
4483,4
4484,4
4485,2
4486,3
4487,1
4488,3
4489,3
4490,2
4491,2
4492,2
4493,5
4494,4
4495,3
4496,4
4497,2
4498,4
4499,4
4500,4
4501,2
4502,2
4503,4
4504,4
4505,4
4506,4
4507,4
4508,4
4509,2
4510,2
4511,4
4512,4
4513,3
4514,3
4515,4
4516,4
4517,4
4518,3
4519,3
4520,3
4521,3
4522,2
4523,3
4525,4
4526,4
4527,4
4528,3
4529,3
4530,4
4531,4
4532,3
4533,3
4534,3
4535,3
4536,3
4537,4
4538,3
4539,4
4540,2
4541,2
4542,2
4543,4
4544,4
4545,2
4546,3
4547,4
4548,3
4549,2
4550,3
4551,4
4552,3
4553,4
4554,4
4555,5
4556,3
4557,4
4558,3
4559,4
4560,0
4561,4
4562,2
4563,3
4564,3
4565,3
4566,4
4567,4
4568,3
4569,0
4570,4
4571,2
4572,3
4573,1
4574,3
4575,3
4576,4
4577,3
4578,2
4579,2
4580,3
4581,2
4582,3
4583,4
4584,4
4585,2
4586,4
4587,5
4588,4
4589,2
4590,4
4591,2
4592,4
4593,4
4594,5
4595,4
4596,3
4597,2
4598,2
4599,4
4600,4
4601,4
4602,3
4603,4
4604,3
4605,3
4606,4
4607,5
4608,4
4609,3
4610,5
4611,4
4612,4
4613,3
4614,4
4615,2
4616,4
4617,4
4618,3
4619,4
4620,4
4621,3
4622,3
4623,4
4624,4
4625,3
4626,3
4627,4
4628,4
4629,4
4630,2
4631,4
4632,4
4633,3
4634,4
4635,1
4636,1
4637,4
4638,4
4639,3
4640,4
4641,3
4642,4
4643,4
4644,4
4645,4
4646,4
4647,4
4648,4
4649,3
4650,4
4651,3
4652,4
4653,4
4654,3
4655,4
4656,4
4657,2
4658,4
4659,3
4660,4
4661,2
4662,3
4663,4
4664,2
4665,3
4666,3
4667,4
4668,1
4669,4
4670,3
4671,2
4672,4
4673,2
4674,4
4675,4
4676,3
4677,0
4679,4
4680,3
4681,2
4682,3
4683,3
4684,4
4685,4
4686,4
4687,1
4688,4
4689,2
4690,2
4691,4
4692,3
4693,4
4694,4
4695,3
4696,1
4697,3
4698,2
4699,4
4700,4
4701,4
4702,4
4703,3
4704,4
4705,1
4706,3
4707,4
4708,3
4709,3
4710,3
4711,2
4712,3
4713,1
4714,4
4715,3
4716,2
4717,2
4718,3
4719,5
4720,4
4721,1
4722,4
4723,3
4724,3
4725,4
4726,4
4727,2
4728,2
4729,4
4730,4
4731,4
4732,2
4733,3
4734,4
4735,4
4736,4
4737,3
4738,4
4739,4
4740,4
4741,0
4742,3
4743,3
4744,4
4745,2
4746,3
4747,4
4748,4
4749,4
4750,4
4751,4
4752,5
4753,0
4754,3
4755,2
4756,4
4758,2
4759,2
4760,4
4761,2
4762,4
4763,2
4764,2
4765,4
4766,3
4767,3
4768,4
4769,4
4770,4
4771,4
4772,4
4773,4
4774,4
4775,5
4776,2
4777,4
4778,3
4779,4
4780,3
4781,2
4782,4
4783,3
4784,3
4785,0
4786,3
4787,3
4788,3
4789,4
4790,4
4791,4
4792,2
4793,3
4794,3
4795,4
4796,5
4797,4
4798,1
4799,2
4800,4
4801,4
4802,4
4803,4
4804,4
4805,4
4806,4
4807,4
4808,3
4809,4
4810,4
4811,2
4812,4
4813,4
4814,3
4815,2
4816,4
4817,2
4818,3
4819,3
4820,4
4821,3
4822,4
4823,2
4824,2
4825,3
4826,2
4827,2
4828,3
4829,4
4830,4
4831,3
4832,3
4833,1
4834,2
4835,4
4836,4
4838,3
4839,4
4840,4
4841,3
4842,4
4843,4
4844,4
4845,3
4846,3
4847,4
4848,4
4849,4
4850,4
4851,4
4852,4
4853,4
4854,0
4855,3
4856,4
4857,1
4858,4
4859,3
4860,3
4861,4
4862,4
4863,4
4864,1
4865,3
4866,2
4867,2
4868,3
4869,2
4870,3
4871,4
4872,4
4873,4
4874,2
4875,4
4876,5
4877,4
4878,3
4879,4
4880,4
4881,3
4882,4
4883,3
4884,4
4885,4
4886,3
4887,4
4888,3
4889,2
4890,2
4891,3
4892,3
4893,4
4894,4
4895,2
4896,4
4897,3
4898,4
4899,4
4900,4
4901,4
4902,4
4903,4
4904,4
4905,3
4906,3
4907,4
4908,2
4909,3
4910,4
4911,4
4912,4
4913,4
4914,3
4915,4
4916,4
4917,3
4918,4
4919,1
4920,2
4921,3
4922,4
4923,3
4924,4
4925,4
4926,3
4927,3
4928,2
4929,3
4930,3
4931,3
4932,4
4933,4
4934,2
4935,4
4936,1
4937,3
4938,3
4939,4
4940,4
4941,3
4942,4
4943,4
4944,2
4945,4
4946,4
4947,3
4948,4
4949,3
4950,4
4951,4
4952,2
4953,4
4954,3
4955,4
4956,3
4957,4
4958,4
4959,4
4960,4
4961,4
4962,3
4963,4
4964,3
4965,4
4966,4
4967,4
4968,4
4969,3
4970,3
4971,3
4972,4
4973,4
4974,3
4975,4
4976,4
4977,4
4978,4
4979,3
4980,4
4981,4
4982,4
4983,5
4984,4
4985,2
4986,4
4987,4
4988,3
4989,5
4990,4
4991,4
4992,4
4993,4
4994,0
4995,2
4996,4
4997,4
4998,3
4999,2
5000,3
5001,3
5002,2
5003,3
5004,4
5005,4
5006,5
5007,3
5008,4
5009,4
5010,4
5011,4
5012,4
5013,4
5014,4
5015,4
5016,4
5017,4
5018,4
5019,4
5020,3
5021,4
5022,4
5023,3
5024,2
5025,4
5026,4
5027,4
5028,3
5029,3
5030,4
5031,3
5032,4
5033,3
5034,3
5035,3
5036,3
5037,4
5038,3
5039,4
5040,2
5041,4
5042,4
5043,4
5044,4
5045,3
5046,4
5047,2
5048,4
5049,2
5050,4
5051,4
5052,3
5053,3
5054,1
5055,0
5056,4
5057,3
5058,5
5059,4
5060,4
5061,4
5062,4
5063,4
5064,3
5065,4
5066,4
5067,3
5068,3
5069,2
5070,4
5071,4
5072,3
5073,4
5075,1
5076,3
5077,3
5078,2
5079,3
5080,2
5081,4
5082,2
5083,2
5084,5
5085,4
5086,4
5087,3
5088,2
5089,0
5090,2
5091,4
5092,3
5093,2
5094,4
5095,4
5096,5
5097,4
5098,2
5099,4
5100,3
5101,4
5102,3
5103,0
5104,2
5105,3
5106,3
5107,3
5108,3
5109,4
5110,4
5111,4
5112,2
5113,4
5114,3
5116,4
5117,2
5118,3
5119,3
5120,3
5121,4
5122,4
5123,3
5124,5
5125,4
5126,2
5127,3
5128,4
5129,3
5130,2
5131,2
5132,2
5133,4
5134,3
5135,3
5136,4
5137,4
5138,2
5139,4
5140,4
5141,3
5142,4
5143,4
5144,4
5145,3
5146,4
5147,4
5148,2
5149,2
5150,2
5151,4
5152,3
5153,4
5154,3
5155,3
5156,3
5157,0
5158,3
5159,2
5160,4
5161,3
5162,3
5163,4
5164,3
5165,5
5166,3
5167,4
5168,3
5169,4
5170,4
5171,3
5172,3
5173,4
5174,4
5175,3
5176,3
5177,3
5178,5
5179,5
5180,4
5181,4
5182,4
5183,4
5184,3
5185,5
5186,2
5187,3
5188,4
5189,3
5190,2
5191,4
5192,4
5193,3
5194,4
5195,4
5196,4
5197,4
5198,4
5199,4
5200,4
5201,4
5202,1
5203,4
5204,3
5205,4
5206,4
5207,4
5208,5
5209,2
5210,4
5211,4
5212,4
5213,2
5214,4
5215,4
5216,4
5217,4
5218,4
5219,3
5220,4
5221,4
5222,4
5223,1
5224,3
5225,3
5226,4
5227,4
5228,4
5229,5
5230,4
5231,4
5232,4
5233,4
5234,2
5235,4
5236,3
5237,3
5238,4
5239,4
5240,4
5241,4
5242,4
5243,2
5244,4
5245,2
5246,4
5247,4
5248,4
5249,4
5250,4
5251,4
5252,4
5253,4
5254,4
5255,4
5256,4
5257,3
5258,3
5259,4
5260,4
5261,3
5262,2
5263,2
5264,4
5265,4
5266,2
5267,3
5268,4
5269,4
5270,2
5271,4
5272,4
5273,3
5274,3
5275,4
5276,4
5277,4
5278,4
5279,4
5280,3
5281,2
5282,4
5283,3
5284,4
5285,5
5286,4
5287,4
5288,4
5289,4
5290,3
5291,4
5292,3
5293,4
5294,4
5295,2
5296,4
5297,4
5298,2
5299,4
5300,4
5301,4
5302,4
5303,3
5304,4
5305,3
5306,3
5307,4
5308,4
5309,3
5310,3
5311,3
5312,2
5313,3
5314,4
5315,4
5316,3
5317,4
5318,4
5319,4
5320,2
5321,4
5322,3
5323,3
5324,4
5325,4
5326,2
5327,3
5328,4
5329,3
5330,4
5331,3
5332,5
5333,5
5334,4
5335,4
5336,4
5337,2
5338,3
5339,4
5340,4
5341,2
5342,0
5343,2
5344,2
5345,4
5346,4
5347,4
5348,4
5349,4
5350,4
5351,2
5352,3
5353,4
5354,4
5355,4
5356,4
5357,3
5358,4
5359,3
5360,3
5361,2
5362,4
5363,5
5364,4
5365,5
5366,4
5367,4
5368,4
5370,4
5371,5
5372,4
5373,5
5374,4
5375,3
5376,5
5377,4
5378,4
5379,2
5380,4
5381,3
5382,4
5383,3
5384,0
5385,4
5386,4
5387,4
5388,4
5389,4
5390,4
5391,4
5392,4
5393,4
5394,3
5395,2
5396,2
5397,3
5398,3
5399,3
5400,4
5401,3
5402,4
5403,3
5404,2
5405,2
5406,3
5407,4
5408,2
5409,4
5410,2
5411,2
5412,4
5413,4
5414,4
5415,3
5416,3
5417,1
5418,4
5419,4
5420,4
5421,4
5422,2
5423,2
5424,4
5425,2
5426,4
5427,3
5428,4
5429,4
5430,3
5431,4
5432,4
5433,4
5435,3
5436,4
5437,4
5438,3
5439,4
5440,4
5441,4
5442,2
5443,2
5444,3
5445,3
5446,3
5447,4
5448,3
5449,3
5450,2
5451,4
5452,4
5453,4
5454,4
5455,3
5456,4
5457,2
5458,2
5459,4
5460,4
5461,4
5462,4
5463,4
5464,2
5465,4
5466,4
5467,4
5468,4
5469,4
5470,2
5471,4
5472,4
5473,3
5474,2
5475,3
5476,3
5477,4
5478,3
5479,4
5480,4
5481,4
5482,3
5483,3
5484,3
5485,4
5486,4
5487,4
5488,2
5489,4
5490,3
5491,4
5492,3
5493,4
5494,4
5495,2
5496,4
5497,4
5498,3
5499,4
5500,2
5501,3
5502,4
5503,4
5504,5
5505,4
5506,4
5507,3
5508,3
5509,5
5510,3
5511,3
5512,4
5513,4
5514,4
5515,2
5516,2
5517,1
5518,4
5519,2
5520,2
5521,4
5522,2
5523,4
5524,4
5525,4
5526,4
5527,4
5528,4
5529,2
5530,4
5533,4
5534,4
5535,0
5536,4
5537,3
5538,3
5539,4
5540,4
5541,3
5542,2
5543,3
5544,4
5545,4
5546,2
5547,4
5548,4
5549,3
5550,3
5551,0
5552,3
5553,1
5554,2
5555,2
5556,2
5557,3
5558,4
5559,3
5560,2
5561,2
5562,2
5563,4
5564,2
5565,2
5566,4
5567,2
5568,2
5569,2
5570,2
5571,2
5572,2
5573,4
5574,3
5575,0
5576,3
5577,3
5578,4
5579,3
5580,3
5581,3
5582,4
5583,4
5584,4
5585,4
5586,4
5587,3
5588,3
5589,4
5590,4
5591,4
5592,4
5593,4
5594,4
5595,3
5596,3
5597,4
5598,2
5599,4
5600,2
5601,3
5602,3
5603,3
5604,4
5605,2
5606,4
5607,3
5608,4
5609,4
5610,4
5611,4
5612,5
5613,1
5614,4
5615,5
5616,4
5617,2
5618,3
5619,3
5620,4
5621,4
5622,4
5623,4
5624,5
5625,3
5626,4
5627,4
5628,0
5629,2
5630,3
5631,4
5632,2
5633,3
5634,4
5635,3
5636,4
5637,2
5638,4
5639,4
5640,4
5641,4
5642,3
5643,3
5644,2
5645,4
5646,4
5647,4
5648,4
5649,4
5650,4
5651,4
5652,4
5653,4
5654,2
5655,5
5656,4
5657,4
5658,0
5659,4
5660,4
5661,4
5662,4
5663,4
5664,2
5665,4
5666,4
5667,3
5668,4
5669,3
5670,4
5671,4
5672,4
5673,4
5674,5
5675,4
5676,3
5677,4
5678,0
5679,4
5680,4
5681,4
5682,2
5683,4
5684,4
5685,5
5686,4
5687,4
5688,4
5689,2
5690,4
5691,4
5692,3
5693,4
5694,4
5695,0
5696,4
5697,2
5698,3
5699,2
5700,4
5702,4
5703,4
5704,3
5705,2
5706,4
5707,4
5708,4
5709,4
5710,4
5711,2
5712,4
5713,4
5714,2
5715,4
5716,4
5717,4
5718,4
5719,4
5720,4
5721,0
5722,3
5723,4
5724,2
5725,2
5726,4
5727,4
5728,4
5729,4
5730,3
5731,4
5732,4
5733,5
5734,3
5735,3
5736,4
5737,4
5738,4
5739,4
5740,3
5741,4
5742,5
5743,5
5744,4
5745,0
5746,4
5747,4
5748,4
5749,4
5750,4
5751,3
5752,4
5753,4
5754,0
5755,3
5756,4
5757,4
5758,4
5759,4
5760,4
5761,4
5762,4
5763,4
5764,4
5765,4
5766,4
5767,4
5768,4
5769,4
5770,2
5771,4
5772,2
5773,4
5774,2
5775,4
5776,4
5777,4
5778,4
5779,4
5780,3
5781,4
5782,3
5783,4
5784,4
5785,2
5786,2
5787,2
5788,4
5789,2
5790,4
5791,3
5792,4
5793,4
5794,2
5795,1
5796,4
5797,4
5798,5
5799,4
5800,1
5801,2
5802,3
5803,3
5804,1
5805,2
5806,4
5807,3
5808,0
5809,2
5810,4
5811,4
5812,5
5813,4
5814,4
5815,2
5816,4
5817,3
5818,4
5819,4
5820,3
5821,4
5822,2
5823,4
5824,5
5825,2
5826,4
5827,4
5828,5
5829,4
5830,4
5831,4
5832,4
5833,3
5834,3
5835,4
5836,4
5837,4
5838,4
5839,4
5840,4
5841,2
5842,3
5843,4
5844,4
5845,2
5846,4
5847,4
5848,4
5849,4
5850,2
5851,4
5852,4
5853,4
5854,4
5855,4
5856,5
5857,3
5858,2
5859,4
5860,3
5861,3
5862,4
5863,5
5864,5
5865,4
5866,3
5867,4
5868,4
5869,4
5870,4
5871,4
5872,4
5873,5
5874,3
5875,4
5876,4
5877,2
5878,3
5879,4
5880,4
5881,4
5882,4
5883,2
5884,3
5885,4
5886,4
5887,4
5888,2
5889,3
5890,4
5891,4
5892,3
5893,4
5894,2
5895,4
5896,4
5897,2
5898,3
5899,4
5900,4
5901,4
5902,4
5903,3
5904,1
5905,4
5906,4
5907,0
5908,4
5909,4
5910,4
5911,4
5912,3
5913,3
5914,1
5915,4
5916,4
5917,4
5918,5
5919,3
5920,3
5921,4
5922,2
5923,4
5924,5
5925,4
5926,1
5927,1
5928,4
5929,2
5930,3
5931,4
5932,4
5933,2
5934,5
5935,4
5936,4
5937,4
5938,4
5939,4
5940,4
5941,2
5942,4
5943,4
5944,4
5945,2
5946,3
5947,4
5948,5
5949,2
5950,1
5951,4
5952,3
5953,4
5954,4
5955,3
5956,4
5957,4
5958,2
5959,3
5960,3
5961,5
5962,4
5963,4
5964,3
5965,4
5966,2
5967,4
5968,3
5969,4
5970,0
5971,4
5972,3
5973,3
5974,4
5975,4
5976,3
5977,4
5978,2
5979,5
5980,4
5981,3
5982,4
5983,4
5984,4
5985,4
5986,4
5987,4
5988,4
5989,3
5990,3
5991,4
5992,4
5993,4
5994,4
5995,2
5996,3
5997,4
5998,3
5999,3
6000,2
6001,4
6002,4
6003,2
6004,4
6005,2
6006,3
6007,2
6008,4
6009,3
6010,4
6011,3
6012,3
6013,4
6014,4
6015,4
6016,3
6017,2
6018,4
6019,4
6020,2
6021,4
6022,4
6023,4
6024,0
6025,2
6026,2
6027,4
6028,4
6029,5
6030,4
6031,2
6032,4
6033,1
6034,4
6035,5
6036,4
6037,2
6038,2
6039,3
6040,4
6041,4
6042,4
6043,4
6044,4
6045,4
6046,3
6047,4
6048,2
6049,3
6050,2
6051,1
6052,3
6053,0
6054,3
6055,4
6056,4
6057,5
6058,4
6059,4
6060,4
6061,4
6062,2
6063,4
6064,5
6065,3
6066,2
6067,3
6068,4
6069,3
6070,3
6071,3
6072,4
6073,0
6074,4
6075,2
6076,2
6077,4
6078,4
6079,4
6080,2
6081,5
6082,2
6083,2
6084,4
6085,2
6086,3
6087,3
6088,4
6089,4
6090,4
6091,4
6092,3
6093,3
6094,3
6095,5
6096,3
6097,4
6098,5
6099,5
6100,4
6101,4
6102,4
6103,4
6104,4
6105,3
6106,3
6107,4
6108,1
6109,3
6110,3
6111,4
6112,4
6113,4
6114,4
6115,4
6116,0
6117,3
6118,3
6119,4
6120,4
6121,3
6122,4
6123,3
6124,4
6125,2
6126,4
6127,4
6128,4
6129,4
6130,1
6131,3
6132,2
6133,4
6134,4
6135,3
6136,4
6137,4
6138,4
6139,4
6140,4
6141,3
6142,2
6143,3
6144,3
6145,2
6146,3
6147,4
6148,4
6149,3
6150,4
6151,4
6152,4
6153,3
6154,2
6155,2
6156,1
6157,4
6158,4
6159,4
6160,2
6161,4
6162,2
6163,3
6164,2
6165,4
6166,3
6167,2
6168,4
6169,4
6170,4
6171,2
6172,3
6173,3
6174,4
6175,2
6176,3
6177,3
6178,4
6179,4
6180,4
6181,3
6182,3
6183,3
6184,3
6185,3
6186,4
6187,3
6188,2
6189,3
6190,4
6191,4
6192,3
6193,4
6194,4
6195,4
6197,2
6198,2
6199,4
6200,2
6201,4
6202,2
6203,4
6204,4
6205,4
6206,3
6207,3
6208,4
6209,4
6210,3
6211,3
6212,2
6213,2
6214,3
6215,2
6216,3
6217,3
6218,3
6219,4
6220,4
6221,2
6222,3
6223,3
6224,4
6225,5
6226,3
6227,4
6228,1
6229,2
6230,3
6231,3
6232,3
6233,4
6234,2
6235,3
6236,2
6237,4
6238,4
6239,4
6240,3
6241,4
6242,4
6243,3
6244,3
6245,3
6246,3
6247,4
6248,4
6249,4
6250,4
6251,4
6252,4
6253,3
6254,4
6255,3
6256,2
6257,3
6258,4
6259,4
6260,4
6261,4
6262,3
6263,3
6264,3
6265,0
6266,4
6267,5
6268,2
6270,4
6271,3
6272,3
6273,3
6274,4
6275,3
6276,4
6277,4
6278,4
6279,4
6280,4
6281,5
6282,4
6283,2
6284,5
6285,4
6286,4
6287,3
6288,4
6289,4
6290,2
6291,3
6292,4
6293,3
6294,4
6295,4
6296,2
6297,4
6298,3
6299,2
6300,3
6301,4
6302,4
6303,2
6304,4
6305,4
6306,4
6307,5
6308,3
6309,3
6310,3
6311,5
6313,4
6314,3
6315,3
6316,4
6317,4
6318,4
6319,3
6320,4
6321,2
6322,3
6323,2
6324,2
6325,3
6326,4
6327,4
6328,3
6330,4
6331,4
6332,3
6333,4
6334,4
6335,4
6336,1
6337,3
6338,4
6339,3
6340,3
6341,3
6342,4
6343,3
6344,2
6345,2
6346,5
6347,4
6348,3
6349,4
6350,1
6351,5
6352,4
6353,3
6354,4
6355,3
6356,4
6357,2
6358,4
6359,2
6360,4
6361,4
6362,4
6363,4
6364,4
6365,3
6366,2
6367,4
6368,4
6369,3
6370,3
6371,2
6372,4
6373,4
6374,3
6375,2
6376,4
6377,2
6378,4
6379,2
6380,3
6381,3
6382,3
6383,2
6384,4
6385,3
6386,4
6387,4
6388,4
6389,4
6390,3
6391,4
6392,4
6393,2
6394,2
6395,4
6396,4
6397,4
6398,4
6399,2
6400,4
6401,4
6402,4
6403,3
6404,3
6405,4
6406,3
6407,4
6408,2
6409,3
6410,4
6411,2
6412,4
6413,4
6414,2
6415,2
6416,3
6417,4
6418,4
6419,3
6420,2
6421,3
6422,4
6423,4
6424,4
6425,3
6426,2
6427,4
6428,2
6429,3
6430,3
6431,4
6432,4
6433,3
6434,3
6435,2
6436,4
6437,3
6438,4
6439,1
6440,3
6441,3
6442,3
6443,4
6444,3
6445,3
6446,2
6447,4
6448,2
6449,2
6450,3
6451,3
6452,4
6453,4
6454,4
6455,4
6456,4
6457,4
6458,4
6459,3
6460,1
6461,4
6462,3
6463,4
6464,4
6465,3
6466,0
6467,4
6468,4
6469,4
6470,2
6471,4
6472,4
6473,2
6474,4
6475,3
6476,3
6477,3
6478,3
6479,3
6480,2
6481,4
6482,3
6483,4
6484,4
6485,4
6486,3
6487,4
6488,4
6489,2
6490,3
6491,4
6492,4
6493,3
6494,4
6495,4
6496,1
6497,3
6498,2
6499,4
6500,3
6501,4
6502,3
6503,3
6504,4
6505,3
6506,4
6507,3
6508,3
6509,3
6510,3
6511,5
6512,1
6513,0
6514,2
6515,3
6516,3
6517,3
6518,4
6519,3
6520,4
6521,4
6522,3
6523,4
6524,3
6525,3
6526,3
6527,4
6528,3
6529,4
6530,4
6531,4
6532,4
6533,4
6534,3
6535,3
6536,3
6537,4
6538,3
6539,4
6540,4
6541,3
6542,4
6543,0
6544,4
6545,0
6546,4
6547,3
6548,1
6549,5
6550,4
6551,4
6553,4
6554,4
6555,3
6556,4
6557,4
6558,4
6559,5
6560,4
6561,4
6562,3
6563,3
6564,1
6565,4
6566,3
6567,1
6568,4
6569,3
6570,4
6571,4
6572,4
6573,2
6574,3
6575,5
6576,4
6577,3
6578,4
6579,4
6580,4
6581,4
6582,3
6583,2
6584,4
6585,4
6586,2
6587,4
6588,4
6589,4
6590,4
6591,3
6592,3
6593,4
6594,2
6596,3
6597,4
6598,4
6599,2
6600,4
6601,3
6602,4
6603,2
6604,4
6605,3
6606,3
6607,4
6608,4
6609,2
6610,4
6611,4
6612,3
6613,3
6614,5
6615,3
6616,4
6617,4
6618,5
6619,4
6620,4
6621,2
6622,4
6623,2
6624,3
6625,2
6626,2
6627,4
6628,4
6629,4
6630,4
6631,3
6632,4
6633,4
6634,2
6635,4
6636,3
6637,3
6638,4
6639,4
6640,4
6641,4
6642,4
6643,2
6644,4
6645,4
6646,0
6647,4
6648,2
6649,4
6650,4
6651,1
6652,5
6653,4
6654,2
6655,4
6656,3
6657,4
6658,4
6659,3
6660,3
6661,3
6662,3
6663,3
6664,4
6665,4
6666,2
6667,2
6668,4
6669,3
6670,4
6671,3
6672,4
6673,3
6674,2
6675,4
6676,4
6677,4
6678,2
6679,4
6680,4
6681,4
6682,4
6683,4
6684,4
6685,5
6686,3
6687,3
6688,4
6689,2
6690,3
6691,4
6692,3
6693,2
6694,4
6695,4
6696,4
6697,4
6698,4
6699,4
6700,4
6701,3
6702,4
6703,3
6704,4
6705,0
6706,3
6707,4
6708,3
6709,4
6710,2
6711,4
6712,4
6713,3
6714,4
6715,3
6716,2
6717,3
6718,4
6719,3
6720,2
6721,2
6722,4
6723,4
6724,4
6725,0
6726,4
6727,5
6728,3
6729,4
6730,4
6731,4
6732,3
6733,2
6734,3
6735,2
6736,4
6737,3
6738,3
6739,4
6740,5
6741,4
6742,4
6743,2
6744,3
6745,4
6746,4
6747,4
6748,0
6749,5
6750,4
6751,4
6752,3
6753,4
6754,4
6755,4
6756,2
6757,3
6758,4
6759,4
6760,4
6761,0
6762,3
6763,4
6764,2
6765,4
6766,4
6767,4
6768,0
6769,4
6770,4
6771,4
6772,4
6773,4
6774,4
6775,4
6776,3
6777,4
6778,4
6779,4
6780,4
6781,4
6782,4
6783,4
6784,2
6785,4
6786,3
6787,3
6788,4
6789,3
6790,4
6791,2
6792,2
6793,4
6794,4
6795,4
6796,4
6797,4
6798,4
6799,3
6800,4
6801,2
6802,3
6803,3
6804,4
6805,2
6806,4
6807,4
6808,5
6809,4
6810,3
6811,3
6812,3
6813,3
6814,4
6815,2
6816,2
6817,3
6818,3
6819,3
6820,4
6821,4
6822,3
6823,4
6824,3
6825,4
6826,4
6828,2
6829,3
6830,3
6832,4
6833,2
6834,1
6835,3
6836,4
6837,4
6838,2
6839,4
6840,3
6841,3
6842,2
6843,4
6844,4
6845,4
6846,4
6847,1
6848,4
6849,4
6850,4
6851,4
6852,4
6853,4
6854,4
6855,3
6856,3
6857,4
6858,4
6859,2
6860,4
6861,5
6862,3
6863,4
6864,2
6865,4
6866,4
6867,3
6868,5
6869,0
6870,4
6871,3
6872,2
6873,4
6874,3
6875,4
6876,4
6877,4
6878,3
6879,4
6880,2
6881,4
6882,1
6883,3
6884,4
6885,4
6886,4
6887,2
6888,3
6889,4
6890,3
6891,2
6892,4
6893,4
6894,3
6895,3
6896,1
6897,0
6898,4
6899,2
6900,4
6901,2
6902,4
6903,2
6904,3
6905,4
6906,4
6907,3
6908,2
6909,4
6910,4
6911,4
6912,4
6913,4
6914,3
6915,4
6916,4
6917,4
6918,4
6919,5
6920,2
6921,4
6922,4
6923,3
6924,4
6925,3
6926,4
6927,3
6928,2
6929,2
6930,3
6931,2
6932,3
6933,4
6934,3
6935,2
6936,3
6937,4
6938,4
6939,4
6940,3
6941,4
6942,4
6943,5
6944,4
6945,4
6946,3
6947,4
6948,3
6949,4
6950,5
6951,4
6952,3
6953,3
6954,5
6955,3
6956,4
6957,5
6958,2
6959,3
6960,3
6961,3
6962,5
6963,4
6964,3
6965,3
6966,4
6967,4
6968,4
6969,4
6970,4
6971,3
6972,0
6973,4
6974,2
6975,4
6976,3
6977,4
6978,4
6979,2
6980,3
6981,4
6982,3
6983,3
6984,4
6985,3
6986,4
6987,4
6988,0
6989,4
6990,4
6991,3
6992,4
6993,4
6994,2
6995,4
6996,5
6997,3
6998,2
6999,4
7000,3
7001,2
7002,4
7003,1
7004,5
7005,4
7006,4
7007,4
7008,4
7009,3
7010,4
7011,3
7012,4
7013,2
7014,4
7015,3
7016,0
7017,5
7018,4
7019,4
7020,4
7021,3
7022,3
7023,3
7024,3
7025,4
7026,4
7027,2
7028,4
7029,4
7030,3
7031,5
7032,2
7033,4
7034,0
7035,2
7036,4
7037,4
7038,3
7039,3
7040,3
7041,0
7042,4
7043,4
7044,2
7045,3
7046,4
7047,3
7048,3
7049,5
7050,3
7051,4
7052,3
7053,4
7054,4
7055,4
7056,4
7057,4
7058,3
7059,4
7060,1
7061,3
7062,4
7063,4
7064,3
7065,4
7066,2
7067,4
7068,4
7069,4
7070,4
7071,3
7072,4
7073,3
7074,4
7075,3
7076,4
7077,3
7078,3
7079,4
7080,2
7081,4
7082,2
7083,3
7084,4
7085,2
7086,4
7087,0
7088,4
7089,4
7090,3
7091,5
7092,3
7093,3
7094,4
7095,3
7096,2
7097,2
7098,4
7099,4
7100,1
7101,1
7102,4
7103,4
7104,3
7105,5
7106,4
7107,4
7108,2
7109,2
7110,4
7111,4
7112,1
7113,3
7114,4
7115,4
7116,3
7117,5
7118,3
7119,3
7120,4
7121,4
7122,4
7123,4
7124,3
7125,3
7126,3
7127,4
7128,2
7129,5
7130,4
7131,4
7132,4
7133,4
7134,3
7135,4
7136,4
7137,5
7138,3
7139,4
7140,4
7141,3
7142,2
7143,3
7144,4
7145,4
7146,2
7147,2
7148,2
7149,2
7150,4
7151,4
7152,4
7153,3
7154,3
7155,0
7156,3
7157,2
7158,0
7159,4
7160,4
7161,2
7162,3
7163,2
7164,2
7165,3
7166,2
7167,4
7168,2
7169,4
7170,2
7171,4
7172,4
7173,2
7174,3
7175,2
7176,0
7177,4
7178,4
7179,4
7180,4
7181,4
7182,1
7183,3
7184,4
7185,4
7186,3
7187,3
7188,3
7189,4
7190,4
7191,4
7192,2
7193,3
7194,4
7195,5
7196,5
7197,3
7198,2
7199,3
7200,3
7201,2
7202,2
7203,3
7204,4
7205,4
7206,4
7207,4
7208,4
7209,2
7210,4
7211,4
7212,4
7213,3
7214,4
7215,4
7216,3
7217,1
7218,4
7219,4
7220,3
7221,4
7222,4
7223,3
7224,2
7225,3
7226,3
7227,3
7228,4
7229,4
7230,4
7231,4
7232,0
7233,4
7234,2
7235,4
7236,4
7237,4
7238,2
7239,0
7240,4
7241,4
7242,2
7243,4
7244,4
7245,2
7246,3
7247,2
7248,3
7249,4
7250,2
7251,3
7252,1
7253,4
7254,4
7255,3
7256,4
7257,4
7258,3
7259,4
7260,4
7261,3
7262,3
7263,4
7264,3
7265,4
7266,3
7267,3
7268,2
7269,2
7270,4
7271,5
7272,2
7273,3
7274,2
7275,4
7276,4
7277,4
7278,2
7279,3
7280,0
7281,0
7282,4
7283,4
7284,2
7285,4
7286,4
7287,4
7288,4
7289,2
7290,2
7291,4
7292,3
7293,4
7294,4
7295,3
7296,2
7297,3
7298,4
7299,2
7300,2
7301,4
7302,4
7303,2
7304,4
7305,2
7306,5
7307,2
7308,3
7309,4
7310,3
7311,0
7312,4
7313,4
7314,4
7315,3
7316,4
7317,4
7318,4
7319,4
7320,4
7321,4
7322,5
7323,4
7324,3
7325,3
7326,2
7327,3
7328,4
7329,3
7330,2
7331,2
7332,3
7333,5
7334,4
7335,4
7336,4
7337,4
7338,1
7339,4
7340,3
7341,4
7342,2
7343,2
7344,4
7345,3
7346,3
7347,3
7348,3
7349,3
7350,4
7351,2
7352,4
7353,4
7354,4
7355,2
7356,2
7357,3
7358,3
7359,5
7360,2
7361,2
7362,2
7363,4
7364,0
7365,4
7366,3
7367,2
7368,3
7369,4
7370,3
7371,4
7372,3
7373,3
7374,4
7375,3
7376,3
7377,2
7378,4
7379,4
7380,4
7381,5
7382,4
7383,2
7384,4
7385,4
7386,4
7387,3
7388,2
7389,2
7390,4
7391,3
7392,3
7393,3
7394,2
7395,3
7396,4
7397,4
7398,4
7399,4
7400,2
7401,2
7402,3
7403,4
7404,3
7405,4
7406,3
7407,4
7408,2
7409,4
7410,4
7411,2
7412,4
7413,4
7414,2
7415,4
7416,4
7417,2
7418,4
7419,2
7420,2
7421,4
7422,4
7423,3
7424,3
7425,4
7426,3
7427,4
7428,4
7429,4
7430,2
7431,4
7432,3
7433,2
7434,4
7435,3
7436,5
7437,3
7438,2
7439,4
7440,4
7441,4
7442,3
7443,4
7444,2
7445,5
7446,2
7447,4
7448,4
7449,2
7450,3
7451,4
7452,4
7453,4
7454,0
7455,3
7456,4
7457,2
7458,4
7459,3
7460,4
7461,4
7462,4
7463,4
7464,4
7465,3
7466,3
7467,3
7468,4
7469,3
7470,4
7471,3
7472,4
7473,3
7474,2
7475,2
7476,5
7477,4
7478,5
7479,3
7480,3
7481,3
7482,3
7483,3
7484,3
7485,3
7486,3
7487,4
7488,2
7489,2
7490,4
7491,2
7492,2
7493,3
7494,2
7495,4
7496,4
7497,3
7498,4
7499,3
7500,4
7501,2
7502,3
7503,4
7504,4
7505,4
7506,4
7507,2
7508,4
7509,4
7510,4
7511,3
7512,3
7513,2
7514,3
7515,2
7516,2
7517,2
7518,5
7519,4
7520,3
7521,3
7522,4
7523,3
7524,1
7525,5
7526,4
7527,3
7528,4
7529,2
7530,4
7531,2
7532,4
7533,4
7534,4
7535,3
7536,4
7537,3
7538,4
7539,3
7540,4
7541,2
7542,3
7543,2
7544,4
7545,0
7546,4
7547,3
7548,3
7549,4
7550,2
7551,2
7552,4
7553,1
7554,3
7555,2
7556,3
7557,4
7558,3
7559,4
7560,4
7561,3
7562,4
7563,4
7564,2
7565,2
7566,3
7567,4
7568,2
7569,5
7570,4
7571,4
7572,4
7573,4
7574,3
7575,4
7576,4
7577,3
7578,4
7579,4
7580,4
7581,3
7582,4
7583,2
7584,3
7585,3
7586,2
7587,3
7588,3
7589,2
7590,4
7591,4
7592,2
7593,5
7594,4
7595,4
7596,2
7597,3
7598,5
7599,4
7600,2
7601,4
7602,3
7603,4
7604,4
7605,4
7606,3
7607,4
7608,4
7609,4
7610,3
7611,3
7612,3
7613,4
7614,4
7615,3
7616,4
7617,0
7618,3
7619,4
7620,4
7621,4
7622,2
7623,5
7624,2
7625,4
7626,4
7627,2
7628,4
7629,2
7630,4
7631,5
7632,3
7633,2
7634,4
7635,3
7636,5
7637,1
7638,3
7639,2
7640,4
7641,3
7642,3
7643,4
7644,3
7645,4
7646,4
7647,4
7648,4
7649,4
7650,2
7651,4
7652,3
7653,3
7654,4
7655,4
7656,3
7657,4
7658,3
7659,3
7660,4
7661,4
7662,4
7663,4
7664,2
7665,3
7666,3
7667,4
7668,4
7669,4
7670,4
7671,4
7672,4
7673,4
7674,0
7675,3
7676,4
7677,3
7678,2
7679,3
7680,4
7681,2
7682,1
7683,4
7684,4
7685,3
7686,4
7687,2
7688,2
7689,4
7691,3
7692,4
7693,3
7694,4
7695,3
7696,4
7697,3
7698,5
7699,4
7700,2
7701,2
7702,4
7703,3
7704,1
7705,4
7706,4
7707,4
7708,2
7709,1
7710,4
7711,5
7712,4
7713,4
7714,2
7715,5
7716,4
7717,2
7718,5
7719,3
7720,4
7721,4
7722,2
7723,4
7724,4
7725,4
7726,2
7727,4
7728,4
7729,4
7730,4
7731,4
7732,4
7733,4
7734,4
7735,4
7736,1
7737,3
7738,4
7739,2
7740,5
7741,4
7742,4
7743,3
7744,2
7745,4
7746,3
7747,4
7748,4
7749,4
7750,2
7751,4
7752,3
7753,4
7754,4
7755,3
7756,3
7757,3
7758,2
7759,4
7760,4
7761,2
7762,4
7763,4
7764,3
7765,4
7766,2
7767,1
7768,4
7769,4
7770,4
7771,4
7772,2
7773,2
7774,4
7775,4
7776,4
7777,3
7778,4
7779,2
7780,3
7781,5
7782,3
7783,2
7784,1
7785,3
7786,3
7787,4
7788,3
7789,3
7790,4
7791,3
7792,4
7793,4
7794,4
7795,5
7796,4
7797,4
7798,2
7799,4
7800,2
7801,3
7802,4
7803,5
7804,3
7805,2
7806,3
7807,4
7808,3
7809,4
7810,4
7811,3
7812,4
7813,2
7814,2
7815,4
7816,2
7817,4
7818,4
7819,4
7820,4
7821,3
7822,3
7823,3
7824,3
7825,2
7826,2
7827,2
7828,2
7829,3
7830,3
7831,1
7832,3
7833,4
7834,2
7835,3
7836,2
7837,4
7838,2
7839,3
7840,2
7841,4
7842,4
7843,4
7844,4
7845,4
7846,4
7847,4
7848,4
7849,3
7850,2
7851,4
7852,2
7853,4
7854,3
7855,4
7856,4
7857,4
7858,3
7859,4
7860,3
7861,2
7862,1
7863,0
7864,2
7865,4
7866,3
7867,4
7868,4
7869,4
7870,4
7871,4
7872,2
7873,2
7874,2
7875,2
7876,3
7877,4
7878,4
7879,4
7880,4
7881,2
7882,3
7883,4
7884,4
7885,1
7886,3
7887,2
7888,4
7889,4
7890,4
7891,4
7892,4
7893,4
7894,4
7895,4
7896,4
7897,3
7898,2
7899,4
7900,4
7901,4
7902,4
7903,4
7904,5
7905,3
7906,3
7907,2
7908,4
7909,4
7910,3
7911,4
7912,3
7913,3
7914,4
7915,4
7916,3
7917,2
7918,2
7919,2
7920,4
7921,4
7922,4
7923,2
7924,2
7925,3
7926,3
7927,2
7928,3
7929,4
7930,3
7931,0
7932,3
7933,2
7934,4
7935,4
7936,4
7937,2
7938,4
7939,3
7940,3
7941,4
7942,2
7943,4
7944,2
7945,2
7946,4
7947,3
7948,2
7949,2
7950,3
7951,2
7952,3
7953,1
7954,4
7955,3
7956,4
7957,4
7958,2
7959,2
7960,2
7961,2
7962,4
7963,4
7964,4
7965,2
7966,5
7967,2
7968,5
7969,2
7970,3
7971,2
7972,4
7973,4
7974,2
7975,4
7976,3
7977,2
7978,4
7979,4
7980,3
7981,2
7982,2
7983,4
7984,2
7985,2
7986,5
7987,2
7988,4
7989,2
7990,2
7991,3
7992,4
7993,2
7994,5
7995,2
7996,2
7997,3
7998,4
7999,4
8000,4
8001,2
8002,2
8003,4
8004,4
8005,2
8006,1
8007,3
8008,4
8009,5
8010,4
8011,2
8012,4
8013,2
8014,2
8015,3
8016,5
8017,5
8018,3
8019,3
8020,4
8021,3
8022,4
8023,4
8024,4
8025,3
8026,2
8027,4
8028,4
8029,4
8030,1
8031,4
8032,2
8033,4
8034,4
8035,4
8036,2
8037,2
8038,2
8039,2
8040,2
8041,4
8042,4
8043,3
8044,3
8045,4
8046,4
8047,2
8048,1
8049,2
8050,2
8051,4
8052,3
8053,2
8054,4
8055,3
8056,3
8057,4
8058,2
8059,4
8060,4
8061,2
8062,4
8064,2
8065,4
8066,2
8067,5
8068,4
8069,4
8070,4
8071,3
8072,4
8073,3
8074,2
8075,3
8076,2
8077,3
8078,4
8079,3
8080,5
8081,3
8082,5
8083,3
8084,0
8085,3
8086,4
8087,4
8088,4
8089,4
8090,3
8091,3
8092,3
8093,4
8094,3
8095,4
8096,2
8097,0
8098,2
8099,4
8100,4
8101,4
8102,4
8103,4
8104,4
8105,3
8106,4
8107,4
8108,4
8109,4
8110,4
8111,4
8112,5
8113,4
8114,3
8115,2
8116,2
8117,3
8118,4
8119,4
8120,2
8121,3
8122,2
8123,4
8124,4
8125,2
8126,2
8127,4
8128,2
8129,4
8130,2
8131,4
8132,4
8133,2
8134,1
8135,4
8136,2
8137,2
8138,2
8139,4
8140,3
8141,4
8142,4
8143,3
8144,4
8145,4
8146,5
8147,3
8148,2
8149,2
8150,4
8151,4
8152,5
8153,2
8154,3
8155,3
8156,5
8157,4
8158,4
8159,4
8160,3
8161,4
8162,4
8163,2
8164,4
8165,4
8166,4
8167,2
8168,4
8169,3
8170,2
8171,4
8172,5
8173,2
8174,2
8175,3
8176,4
8177,4
8178,4
8179,4
8180,4
8181,3
8182,3
8183,4
8184,4
8185,4
8186,4
8187,4
8188,2
8189,2
8190,4
8191,5
8192,3
8193,2
8194,2
8195,4
8196,3
8197,3
8198,2
8199,3
8200,4
8201,2
8202,4
8203,5
8204,3
8205,5
8206,4
8207,4
8208,3
8209,5
8210,4
8211,3
8212,4
8213,4
8214,2
8215,2
8216,4
8217,5
8218,4
8219,5
8220,2
8221,3
8222,5
8223,2
8224,4
8225,2
8226,3
8227,4
8228,2
8229,4
8230,3
8231,3
8232,2
8233,2
8234,2
8235,2
8236,2
8237,2
8238,3
8239,2
8240,2
8241,3
8242,4
8243,4
8244,2
8245,4
8246,3
8247,4
8248,5
8249,4
8250,4
8251,4
8252,4
8253,3
8254,2
8255,2
8256,3
8257,3
8258,2
8259,4
8260,2
8261,4
8262,4
8263,2
8264,2
8265,4
8266,3
8267,2
8268,2
8269,2
8270,4
8271,2
8272,4
8273,2
8274,2
8275,3
8276,4
8277,5
8278,4
8279,2
8280,4
8281,2
8282,4
8283,2
8284,3
8285,2
8286,2
8287,3
8288,2
8289,3
8290,2
8291,3
8292,2
8293,3
8294,3
8295,4
8296,2
8297,2
8298,2
8299,2
8300,4
8301,5
8302,3
8303,2
8304,3
8305,4
8306,4
8307,5
8308,3
8309,4
8310,4
8311,2
8312,4
8313,5
8314,4
8315,2
8316,2
8317,4
8318,3
8319,4
8321,3
8322,4
8323,5
8324,4
8325,2
8326,3
8327,3
8328,5
8329,1
8330,4
8331,4
8332,1
8333,3
8334,3
8335,4
8336,2
8337,3
8338,4
8339,4
8340,3
8341,4
8342,4
8343,2
8344,3
8345,4
8346,3
8347,3
8348,4
8349,3
8350,3
8351,2
8352,4
8353,2
8354,2
8355,4
8357,2
8358,4
8359,2
8360,2
8361,4
8362,1
8363,4
8364,2
8365,3
8366,5
8367,2
8368,3
8369,2
8370,3
8371,2
8372,3
8373,2
8374,3
8375,4
8376,2
8377,4
8378,3
8379,2
8380,4
8381,5
8382,2
8383,3
8384,2
8385,2
8386,3
8387,2
8388,3
8389,4
8390,3
8391,3
8392,2
8393,4
8394,4
8395,4
8396,4
8397,4
8398,4
8399,4
8400,4
8401,4
8402,2
8403,3
8404,4
8405,1
8406,4
8407,4
8408,3
8409,4
8410,2
8411,4
8412,4
8413,4
8414,2
8415,1
8416,4
8417,4
8418,3
8419,4
8420,3
8421,2
8422,4
8423,4
8424,4
8425,4
8426,2
8427,4
8428,2
8429,4
8430,1
8431,3
8432,4
8433,4
8434,3
8435,3
8436,4
8437,4
8438,4
8439,3
8440,3
8441,4
8442,1
8443,4
8444,3
8445,3
8446,2
8447,4
8448,2
8449,3
8450,4
8451,4
8452,4
8453,5
8454,4
8455,3
8456,4
8457,3
8458,4
8459,2
8460,4
8461,4
8462,4
8463,4
8464,4
8465,4
8466,3
8467,4
8468,2
8469,3
8470,4
8471,4
8472,4
8473,3
8474,4
8475,4
8476,4
8477,3
8478,4
8479,3
8480,3
8481,4
8482,5
8483,5
8484,4
8485,5
8486,5
8488,5
8489,2
8490,2
8491,4
8492,4
8493,2
8494,3
8495,5
8496,4
8497,2
8498,4
8499,2
8500,2
8501,3
8502,4
8503,2
8504,2
8505,4
8506,3
8507,3
8508,4
8509,2
8510,0
8511,5
8512,2
8513,4
8514,2
8515,4
8516,4
8517,2
8518,4
8519,2
8520,2
8521,4
8522,4
8523,2
8524,4
8525,4
8526,4
8527,2
8528,2
8529,4
8530,5
8531,2
8532,2
8533,4
8534,2
8535,4
8536,3
8537,4
8538,2
8539,4
8540,2
8541,2
8542,3
8543,4
8544,3
8545,3
8546,2
8547,2
8548,3
8549,3
8550,3
8551,4
8552,3
8553,2
8554,4
8555,3
8556,4
8557,4
8558,3
8559,4
8560,4
8561,2
8562,4
8563,3
8564,2
8565,4
8566,2
8567,2
8568,2
8569,4
8570,2
8571,4
8572,2
8573,2
8575,5
8576,3
8577,3
8578,2
8579,4
8582,2
8583,4
8584,3
8585,4
8586,3
8587,2
8589,4
8590,2
8591,4
8592,4
8593,3
8594,2
8595,2
8596,3
8597,4
8598,4
8599,3
8600,3
8601,4
8602,2
8603,2
8604,4
8605,4
8606,2
8607,4
8608,3
8609,4
8610,4
8611,2
8612,3
8613,2
8614,4
8615,2
8616,4
8617,4
8618,2
8619,2
8620,1
8621,4
8623,4
8624,4
8625,5
8626,4
8627,4
8628,4
8629,2
8630,2
8631,4
8632,2
8633,4
8634,1
8635,3
8636,2
8637,2
8638,4
8639,4
8640,3
8641,4
8642,2
8643,4
8644,3
8645,4
8646,3
8647,3
8648,4
8649,4
8650,2
8651,2
8652,2
8653,2
8654,2
8655,4
8656,3
8657,3
8658,2
8659,3
8660,2
8661,3
8662,4
8663,4
8664,4
8665,4
8666,2
8667,4
8668,3
8669,4
8670,4
8671,3
8673,4
8674,4
8676,5
8677,4
8678,3
8679,4
8680,3
8681,3
8682,4
8683,2
8684,2
8685,4
8686,2
8687,2
8688,3
8689,4
8691,4
8692,3
8693,2
8694,3
8695,4
8696,4
8697,4
8698,4
8699,4
8700,2
8701,4
8702,4
8703,3
8704,4
8705,4
8706,4
8707,4
8708,2
8709,4
8710,4
8711,2
8712,3
8713,2
8714,4
8715,3
8716,2
8717,2
8718,4
8719,4
8720,2
8721,3
8722,2
8723,4
8724,2
8725,5
8726,0
8727,3
8728,2
8729,2
8730,3
8731,3
8732,4
8733,5
8734,2
8735,4
8736,4
8737,3
8738,3
8739,4
8740,2
8741,2
8742,3
8743,3
8744,4
8745,4
8746,2
8747,2
8748,2
8749,2
8750,3
8751,5
8752,3
8754,2
8755,2
8756,4
8757,5
8758,4
8759,4
8760,3
8761,3
8762,3
8763,2
8764,3
8765,4
8766,3
8767,1
8768,2
8769,3
8770,1
8771,2
8772,2
8773,3
8774,5
8775,4
8776,1
8777,5
8778,3
8779,4
8780,4
8781,3
8782,2
8783,4
8784,4
8785,5
8786,4
8787,4
8788,4
8789,2
8790,3
8791,4
8792,3
8793,2
8796,3
8797,2
8798,0
8799,4
8800,4
8801,2
8802,5
8803,3
8804,5
8805,2
8806,4
8807,5
8808,4
8809,4
8810,2
8812,4
8813,4
8814,4
8815,4
8816,2
8817,3
8818,4
8819,3
8820,2
8822,2
8823,5
8825,4
8826,4
8827,2
8828,1
8829,4
8830,4
8831,5
8832,5
8833,4
8834,4
8835,0
8836,5
8837,4
8838,2
8839,3
8840,5
8841,3
8842,1
8843,4
8844,2
8845,2
8846,3
8847,2
8848,4
8849,4
8850,0
8851,2
8852,3
8853,2
8854,4
8855,5
8856,2
8857,4
8858,4
8859,2
8860,4
8861,4
8862,4
8863,5
8864,4
8865,2
8866,4
8867,1
8868,2
8869,4
8871,4
8872,3
8873,4
8874,3
8875,2
8876,5
8878,1
8879,3
8880,2
8881,4
8884,2
8885,3
8887,4
8888,4
8889,3
8890,2
8891,2
8892,2
8893,2
8894,2
8895,3
8896,1
8897,4
8898,4
8899,2
8900,2
8901,2
8902,3
8903,4
8904,2
8905,3
8906,3
8907,4
8908,4
8909,4
8910,4
8911,3
8912,4
8913,4
8914,4
8915,3
8916,2
8917,4
8918,4
8919,4
8920,3
8921,4
8922,3
8923,2
8924,3
8925,4
8926,3
8927,4
8928,3
8929,4
8930,4
8931,3
8932,1
8933,5
8934,5
8935,5
8936,2
8937,2
8938,2
8939,2
8940,2
8941,1
8942,2
8943,2
8944,2
8945,4
8946,4
8947,3
8948,4
8949,3
8950,4
8951,4
8952,3
8953,2
8955,5
8956,4
8957,5
8958,4
8959,4
8960,3
8961,4
8962,4
8963,3
8964,4
8965,2
8966,2
8967,4
8968,4
8969,4
8970,2
8971,4
8972,5
8973,4
8974,2
8975,3
8976,4
8977,3
8978,5
8979,5
8980,5
8981,5
8982,5
8983,5
8984,5
8985,4
8986,5
8987,4
8988,5
8989,5
8990,5
8991,4
8992,4
8993,1
8994,5
8995,2
8996,5
8997,2
8998,4
8999,4
9000,4
9001,5
9002,4
9003,1
9004,5
9005,4
9006,5
9007,2
9008,4
9009,4
9010,4
9011,3
9012,2
9013,4
9014,2
9015,2
9016,4
9017,4
9018,2
9019,2
9020,2
9021,3
9023,4
9024,2
9025,5
9026,3
9027,2
9028,3
9029,1
9030,4
9031,4
9032,3
9033,2
9034,3
9035,4
9036,4
9037,2
9038,3
9039,4
9040,5
9041,4
9042,4
9043,4
9044,3
9045,5
9047,4
9048,2
9049,5
9050,3
9051,4
9052,3
9053,4
9054,4
9055,3
9056,3
9057,2
9058,4
9059,2
9060,3
9061,3
9062,4
9063,5
9064,4
9065,2
9066,5
9067,2
9068,0
9069,4
9070,2
9071,4
9072,3
9073,3
9074,4
9075,5
9077,4
9078,4
9079,1
9080,5
9081,4
9082,1
9083,4
9084,4
9085,2
9086,3
9087,2
9088,2
9089,4
9090,4
9091,4
9093,4
9094,2
9095,3
9096,2
9097,1
9098,4
9099,0
9100,1
9101,2
9102,4
9103,2
9104,2
9105,2
9106,4
9107,5
9108,4
9109,4
9111,2
9112,0
9115,3
9116,1
9117,2
9118,5
9119,4
9120,5
9121,3
9123,5
