movieID,No_of_Views
1,247
2,107
3,59
4,13
5,56
6,104
7,53
8,5
9,20
10,122
11,82
12,18
13,8
14,31
15,11
16,88
17,86
18,26
19,92
20,13
21,95
22,38
23,22
24,34
25,101
26,5
27,7
28,18
29,40
30,10
31,42
32,196
33,148
34,11
35,104
36,2
37,2
38,120
39,6
40,23
41,9
42,12
43,38
44,43
45,12
46,201
47,61
48,2
49,201
50,51
51,1
52,3
53,6
54,14
55,45
56,2
57,32
58,7
59,87
60,6
61,10
62,20
63,5
64,8
65,22
66,48
67,7
68,6
69,13
70,19
71,15
72,2
73,10
74,26
75,4
76,18
77,10
78,3
79,1
80,16
81,17
82,3
83,23
84,17
85,12
86,11
87,22
88,93
89,1
90,8
91,1
92,4
93,21
94,17
95,11
96,4
97,94
98,48
99,27
100,1
101,228
102,118
103,49
104,5
105,1
106,6
107,6
108,5
109,1
110,5
111,19
112,7
113,1
114,21
115,10
116,1
117,1
118,1
119,8
120,27
121,1
122,23
123,93
124,26
125,43
126,3
127,21
128,1
129,6
130,200
131,48
132,3
133,129
134,16
135,9
136,11
137,8
138,58
139,8
140,63
141,80
142,33
143,63
144,26
145,142
146,4
147,1
148,43
149,8
150,26
151,6
152,48
153,70
154,4
155,23
156,18
157,13
158,5
159,6
160,44
161,15
162,1
163,2
164,102
165,48
166,3
167,16
168,1
169,6
170,5
171,35
172,24
173,14
174,55
175,43
176,3
177,1
178,1
179,4
180,23
181,31
182,4
183,10
184,28
185,113
186,5
187,3
188,9
189,2
190,18
191,42
192,7
193,15
194,4
195,2
196,22
197,109
198,35
199,52
200,16
201,1
202,12
203,25
204,158
205,24
206,13
207,12
208,78
209,60
210,34
211,5
212,15
213,5
214,4
215,4
216,1
217,1
218,1
219,61
220,43
221,13
222,20
223,4
224,1
225,41
226,125
227,4
228,5
229,42
230,13
231,11
232,5
233,291
234,51
235,20
236,1
237,2
238,62
239,73
240,13
241,4
242,3
243,9
244,4
245,39
246,27
247,3
248,5
249,22
250,35
251,5
252,4
253,22
254,18
255,44
256,1
257,1
258,5
259,107
260,14
261,16
262,6
263,110
264,132
265,3
266,4
267,324
268,16
269,90
270,1
271,7
272,24
273,3
274,12
275,32
276,31
277,22
278,3
279,5
280,7
281,17
282,44
283,145
284,70
285,311
286,38
287,4
288,7
289,14
290,3
291,1
292,7
293,26
294,8
295,114
296,10
297,6
298,10
299,50
300,14
301,3
302,1
303,88
304,15
305,101
306,8
307,2
308,56
309,1
310,175
311,48
312,6
313,7
314,40
315,115
316,70
317,13
318,7
319,67
320,2
321,39
322,341
323,122
324,7
325,12
326,25
327,30
328,5
329,200
330,10
331,11
332,157
333,71
334,9
335,67
336,20
337,34
338,18
339,20
340,3
341,47
342,180
343,12
344,21
345,198
346,29
347,19
348,13
349,4
350,3
351,6
352,1
353,5
354,3
355,3
356,5
357,1
358,16
359,10
360,1
361,1
362,73
363,25
364,26
365,7
366,12
367,6
368,13
369,2
370,15
371,57
372,11
373,9
374,14
375,3
376,4
377,12
378,14
379,23
380,9
381,32
382,63
383,7
384,106
385,55
386,5
387,4
388,2
389,1
390,90
391,37
392,95
393,6
394,7
395,9
396,9
397,1
398,11
399,2
400,16
401,7
402,8
403,5
404,110
405,31
406,6
407,213
408,4
409,2
410,2
411,5
412,7
413,9
414,5
415,59
416,3
417,33
418,8
419,3
420,49
421,2
422,3
423,80
424,31
425,1
426,16
427,4
428,274
429,32
430,10
431,4
432,6
433,53
434,2
435,2
436,4
437,12
438,14
439,21
440,21
441,23
442,61
443,8
444,3
445,60
446,3
447,1
448,153
449,15
450,16
451,5
452,7
453,9
454,17
455,86
456,78
457,5
458,3
459,2
460,6
461,17
462,46
463,13
464,16
465,11
466,24
467,65
468,10
469,9
470,6
471,36
472,1
473,244
474,2
475,45
476,31
477,18
478,6
479,25
480,26
481,4
482,10
483,25
484,125
485,18
486,146
487,19
488,52
489,9
490,17
491,5
492,9
493,12
494,11
495,90
496,50
497,57
498,2
499,70
500,15
501,9
502,1
503,1
504,30
505,1
506,1
507,2
508,2
509,2
510,6
511,1
512,1
513,9
514,14
515,2
516,3
517,17
518,1
519,41
520,129
521,126
522,215
523,237
524,202
525,196
526,304
527,71
528,176
529,66
530,147
531,14
532,1
533,1
534,19
535,6
536,224
537,14
538,33
539,7
540,6
541,13
542,2
543,2
544,42
545,1
546,4
547,2
548,3
549,1
550,9
551,50
552,2
553,10
554,2
555,3
556,7
557,29
558,1
559,5
560,18
561,31
562,168
563,8
564,1
565,62
566,2
567,2
568,53
569,9
570,17
571,2
572,5
573,3
574,4
575,3
576,33
577,50
578,21
579,12
580,1
581,6
582,1
583,4
584,2
585,10
586,1
587,7
588,1
589,10
590,2
591,2
592,3
593,1
594,7
595,1
596,1
597,6
598,3
599,27
600,61
601,12
602,2
603,9
604,11
605,3
606,3
607,34
608,45
609,1
610,2
611,36
612,4
613,2
614,16
615,4
616,135
617,8
618,150
619,15
620,27
621,6
622,22
623,62
624,1
625,2
626,22
627,105
628,5
629,3
630,1
631,1
632,1
633,2
634,3
635,18
636,39
637,1
638,18
639,9
640,1
641,1
642,1
643,124
644,4
645,218
646,4
647,6
648,49
649,59
650,60
651,69
652,2
653,68
654,1
655,12
656,24
657,35
658,12
659,72
660,2
661,14
662,49
663,9
664,2
665,4
666,8
667,3
668,1
669,14
670,1
671,3
672,4
673,7
674,26
675,2
676,76
677,4
678,1
679,6
680,13
681,18
682,41
683,11
684,2
685,7
686,3
687,1
688,1
689,3
690,11
691,28
692,4
693,8
694,52
695,1
696,200
697,12
698,2
699,1
700,27
701,1
702,4
703,3
704,1
705,2
706,1
707,5
708,25
709,4
710,3
711,1
712,1
713,3
714,1
715,9
716,7
717,3
718,3
719,4
720,37
721,64
722,22
723,12
724,44
725,69
726,92
727,25
728,13
729,11
730,87
731,33
732,66
733,27
734,117
735,62
736,51
737,23
738,26
739,8
740,14
741,117
742,68
743,20
744,39
745,85
746,123
747,38
748,5
749,23
750,5
751,21
752,16
753,16
754,29
755,24
756,6
757,13
758,5
759,11
760,1
761,18
762,4
763,26
764,12
765,3
766,21
767,10
768,11
769,11
770,16
771,17
772,26
773,21
774,72
775,31
776,30
777,3
778,1
779,2
780,1
781,2
782,2
783,2
784,16
785,1
786,27
787,50
788,5
789,17
790,1
791,7
792,2
793,1
794,1
795,4
796,2
797,14
798,1
799,4
800,1
801,12
802,2
803,22
804,8
805,3
806,3
807,16
808,5
809,3
810,7
811,6
812,11
813,5
814,18
815,17
816,9
817,19
818,21
819,10
820,23
821,10
822,17
823,10
824,37
825,29
826,14
827,55
828,17
829,4
830,26
831,1
832,44
833,78
834,42
835,18
836,22
837,49
838,21
839,10
840,80
841,151
842,27
843,1
844,26
845,49
846,4
847,1
848,8
849,30
850,21
851,9
852,7
853,1
854,2
855,3
856,4
857,17
858,58
859,42
860,33
861,3
862,14
863,11
864,1
865,1
866,3
867,148
868,2
869,39
870,19
871,89
872,91
873,29
874,16
875,8
876,56
877,8
878,26
879,4
880,53
881,132
882,68
883,27
884,56
885,36
886,50
887,27
888,26
889,160
890,11
891,19
892,74
893,40
894,40
895,2
896,8
897,3
898,7
899,3
900,33
901,2
902,28
903,28
904,11
905,71
906,6
907,48
908,8
909,17
910,16
911,1
912,23
913,145
914,1
915,1
916,16
917,75
918,10
919,1
920,1
921,1
922,1
923,8
924,5
925,2
926,1
927,1
928,3
929,1
930,1
931,31
932,46
933,19
934,1
935,30
936,9
937,13
938,15
939,40
940,3
941,1
942,74
943,4
944,28
945,29
946,11
947,34
948,20
949,5
950,10
951,9
952,144
953,15
954,234
955,163
956,220
957,62
958,125
959,57
960,7
961,74
962,51
963,121
964,80
965,112
966,16
967,217
968,19
969,38
970,131
971,127
972,52
973,5
974,26
975,14
976,77
977,94
978,135
979,104
980,39
981,22
982,100
983,13
984,22
985,50
986,80
987,45
988,10
989,51
990,63
991,44
992,5
993,16
994,17
995,158
996,11
997,58
998,22
999,54
1000,27
1001,95
1002,89
1003,19
1004,39
1005,65
1006,20
1007,76
1008,20
1009,30
1010,12
1011,34
1012,24
1013,101
1014,112
1015,21
1016,33
1017,49
1018,48
1019,14
1020,165
1021,57
1022,49
1023,17
1024,37
1025,226
1026,40
1027,40
1028,19
1029,34
1030,49
1031,46
1032,11
1033,74
1034,12
1035,19
1036,23
1037,64
1038,21
1039,32
1040,61
1041,18
1042,46
1043,82
1044,13
1045,12
1046,147
1047,28
1048,46
1049,17
1050,31
1051,20
1052,24
1053,35
1054,19
1055,9
1056,67
1057,15
1058,75
1059,12
1060,7
1061,87
1062,1
1063,1
1064,1
1065,1
1066,55
1067,38
1068,2
1069,4
1070,1
1071,1
1072,3
1073,13
1074,1
1075,1
1076,7
1077,3
1078,7
1079,51
1080,15
1081,1
1082,2
1083,3
1084,52
1085,8
1086,4
1087,17
1088,39
1089,19
1090,37
1091,9
1092,32
1093,21
1094,2
1095,25
1096,2
1097,4
1098,13
1099,20
1100,2
1101,82
1102,37
1103,66
1104,11
1105,13
1106,7
1107,5
1108,13
1109,37
1110,2
1111,66
1112,47
1113,47
1114,25
1115,72
1116,54
1117,65
1118,64
1119,28
1120,14
1121,90
1122,19
1123,2
1124,1
1125,18
1126,108
1127,27
1128,12
1129,6
1130,80
1131,8
1132,106
1133,70
1134,14
1135,51
1136,2
1137,4
1138,10
1139,8
1140,4
1141,46
1142,4
1143,73
1144,43
1145,33
1146,4
1147,25
1148,4
1149,10
1150,2
1151,22
1152,1
1153,10
1154,1
1155,15
1156,2
1157,9
1158,5
1159,1
1160,13
1161,1
1162,9
1163,5
1164,1
1165,3
1166,22
1167,4
1168,28
1169,2
1170,1
1171,3
1172,9
1173,3
1174,29
1175,1
1176,7
1177,1
1178,1
1179,2
1180,10
1181,1
1182,20
1183,6
1184,14
1185,2
1186,20
1187,1
1188,39
1189,3
1190,1
1191,2
1192,6
1193,3
1194,23
1195,35
1196,6
1197,2
1198,9
1199,3
1200,71
1201,8
1202,15
1203,4
1204,2
1205,1
1206,2
1207,3
1208,7
1209,28
1210,64
1211,1
1212,2
1213,6
1214,2
1215,2
1216,3
1217,45
1218,20
1219,4
1220,107
1221,13
1222,2
1223,2
1224,6
1225,118
1226,3
1227,1
1228,1
1229,5
1230,18
1231,1
1232,16
1233,5
1234,1
1235,67
1236,2
1237,2
1238,1
1239,1
1240,59
1241,6
1242,1
1243,23
1244,47
1245,1
1246,2
1247,32
1248,52
1249,1
1250,1
1251,3
1252,83
1253,1
1254,190
1255,5
1256,2
1257,2
1258,92
1259,27
1260,24
1261,17
1262,19
1263,23
1264,15
1265,7
1266,7
1267,14
1268,3
1269,3
1270,44
1271,4
1272,4
1273,4
1274,4
1275,2
1276,10
1277,2
1278,5
1279,4
1280,70
1281,2
1282,97
1283,12
1284,6
1285,1
1286,25
1287,10
1288,14
1289,125
1290,19
1291,20
1292,2
1293,5
1294,1
1295,76
1296,3
1297,11
1298,5
1299,2
1300,1
1301,8
1302,17
1303,2
1304,65
1305,1
1306,64
1307,4
1308,10
1309,30
1310,60
1311,7
1312,6
1313,9
1314,6
1315,2
1316,84
1317,2
1318,2
1319,1
1320,8
1321,2
1322,4
1323,40
1324,8
1325,8
1326,3
1327,1
1328,5
1329,1
1330,15
1331,62
1332,56
1333,72
1334,21
1335,26
1336,9
1337,137
1338,10
1339,5
1340,5
1341,21
1342,22
1343,12
1344,45
1345,1
1346,25
1347,16
1348,1
1349,9
1350,16
1351,16
1352,5
1353,157
1354,9
1355,20
1356,16
1357,1
1358,32
1359,23
1360,164
1361,49
1362,7
1363,7
1364,1
1365,57
1366,5
1367,1
1368,120
1369,1
1370,13
1371,15
1372,2
1373,4
1374,3
1375,59
1376,51
1377,1
1378,7
1379,10
1380,13
1381,2
1382,1
1383,2
1384,1
1385,13
1386,4
1387,2
1388,9
1389,1
1390,15
1391,70
1392,19
1393,3
1394,99
1395,5
1396,4
1397,4
1398,22
1399,6
1400,1
1401,1
1402,12
1403,3
1404,9
1405,22
1406,3
1407,39
1408,2
1409,2
1410,4
1411,15
1412,2
1413,4
1414,1
1415,9
1416,1
1417,3
1418,2
1419,9
1420,26
1421,11
1422,23
1423,23
1424,9
1425,3
1426,4
1427,4
1428,4
1429,3
1430,12
1431,2
1432,10
1433,1
1434,1
1435,5
1436,8
1437,6
1438,2
1439,3
1440,1
1441,8
1442,7
1443,1
1444,6
1445,5
1446,1
1447,13
1448,1
1449,6
1450,48
1451,1
1452,2
1453,4
1454,28
1455,31
1456,44
1457,24
1458,1
1459,6
1460,15
1461,6
1462,1
1463,23
1464,23
1465,14
1466,1
1467,7
1468,5
1469,1
1470,2
1471,2
1472,4
1473,42
1474,47
1475,1
1476,27
1477,29
1478,7
1479,13
1480,14
1481,113
1482,42
1483,2
1484,17
1485,40
1486,3
1487,123
1488,9
1489,2
1490,1
1491,14
1492,1
1493,7
1494,10
1495,2
1496,1
1497,9
1498,8
1499,4
1500,4
1501,7
1502,11
1503,7
1504,6
1505,6
1506,6
1507,20
1508,29
1509,12
1510,45
1511,12
1512,10
1513,22
1514,14
1515,39
1516,46
1517,69
1518,31
1519,31
1520,42
1521,34
1522,30
1523,31
1524,119
1525,40
1526,10
1527,15
1528,32
1529,12
1530,36
1531,117
1532,8
1533,5
1534,3
1535,5
1536,3
1537,17
1538,9
1539,6
1540,6
1541,2
1542,4
1543,1
1544,3
1545,26
1546,8
1547,8
1548,5
1549,2
1550,4
1551,2
1552,1
1553,1
1554,10
1555,5
1556,4
1557,38
1558,8
1559,4
1560,64
1561,2
1562,3
1563,90
1564,57
1565,39
1566,47
1567,21
1568,51
1569,55
1570,1
1571,1
1572,17
1573,26
1574,99
1575,94
1576,28
1577,15
1578,19
1579,4
1580,7
1581,34
1582,54
1583,34
1584,30
1585,13
1586,35
1587,3
1588,13
1589,5
1590,8
1591,191
1592,5
1593,2
1594,1
1595,12
1596,9
1597,1
1598,4
1599,3
1600,8
1601,1
1602,6
1603,6
1604,10
1605,8
1606,4
1607,5
1608,17
1609,1
1610,4
1611,1
1612,6
1613,4
1614,7
1615,17
1616,76
1617,1
1618,1
1619,4
1620,33
1621,18
1622,12
1623,2
1624,1
1625,42
1626,21
1627,7
1628,22
1629,10
1630,9
1631,13
1632,8
1633,19
1634,5
1635,1
1636,3
1637,41
1638,6
1639,46
1640,1
1641,51
1642,78
1643,22
1644,14
1645,8
1646,41
1647,1
1648,38
1649,25
1650,12
1651,14
1652,3
1653,13
1654,9
1655,32
1656,4
1657,35
1658,6
1659,2
1660,10
1661,52
1662,2
1663,7
1664,1
1665,3
1666,47
1667,10
1668,10
1669,39
1670,51
1671,15
1672,13
1673,17
1674,4
1675,23
1676,98
1677,19
1678,13
1679,20
1680,6
1681,9
1682,9
1683,11
1684,10
1685,35
1686,28
1687,23
1688,2
1689,12
1690,5
1691,23
1692,22
1693,36
1694,12
1695,18
1696,25
1697,14
1698,27
1699,28
1700,26
1701,12
1702,15
1703,46
1704,42
1705,18
1706,5
1707,6
1708,2
1709,36
1710,5
1711,2
1712,13
1713,6
1714,10
1715,8
1716,36
1717,38
1718,9
1719,9
1720,2
1721,7
1722,8
1723,58
1724,4
1725,6
1726,4
1727,4
1728,3
1729,104
1730,12
1731,2
1732,9
1733,2
1734,5
1735,2
1736,9
1737,8
1738,23
1739,2
1740,15
1741,1
1742,1
1743,1
1744,42
1745,78
1746,7
1747,1
1748,1
1749,2
1750,11
1751,10
1752,3
1753,2
1754,5
1755,1
1756,14
1757,1
1758,1
1759,1
1760,1
1761,1
1762,1
1763,1
1764,36
1765,21
1766,8
1767,2
1768,3
1769,3
1770,13
1771,6
1772,36
1773,1
1774,25
1775,1
1776,16
1777,47
1778,13
1779,5
1780,13
1781,20
1782,1
1783,5
1784,1
1785,2
1786,11
1787,2
1788,4
1789,17
1790,8
1791,4
1792,3
1793,6
1794,4
1795,76
1796,15
1797,4
1798,5
1799,43
1800,3
1801,2
1802,40
1803,11
1804,5
1805,14
1806,3
1807,1
1808,3
1809,3
1810,6
1811,33
1812,44
1813,8
1814,89
1815,1
1816,53
1817,2
1818,8
1819,13
1820,33
1821,18
1822,76
1823,21
1824,4
1825,1
1826,5
1827,1
1828,5
1829,15
1830,15
1831,28
1832,2
1833,6
1834,14
1835,23
1836,4
1837,64
1838,7
1839,1
1840,99
1841,4
1842,5
1843,4
1844,107
1845,3
1846,9
1847,23
1848,16
1849,26
1850,48
1851,6
1852,13
1853,1
1854,23
1855,1
1856,6
1857,4
1858,14
1859,3
1860,11
1861,11
1862,1
1863,7
1864,36
1865,67
1866,2
1867,105
1868,10
1869,11
1870,30
1871,11
1872,8
1873,4
1874,11
1875,4
1876,5
1877,23
1878,11
1879,3
1880,35
1881,3
1882,28
1883,11
1884,6
1885,8
1886,22
1887,19
1888,2
1889,22
1890,19
1891,15
1892,14
1893,13
1894,12
1895,30
1896,8
1897,3
1898,13
1899,1
1900,13
1901,11
1902,31
1903,10
1904,17
1905,35
1906,68
1907,121
1908,2
1909,22
1910,2
1911,1
1912,7
1913,14
1914,18
1915,13
1916,31
1917,65
1918,43
1919,8
1920,17
1921,21
1922,21
1923,19
1924,19
1925,9
1926,2
1927,14
1928,5
1929,6
1930,3
1931,38
1932,27
1933,19
1934,25
1935,60
1936,5
1937,36
1938,22
1939,8
1940,5
1941,28
1942,5
1943,19
1944,4
1945,4
1946,8
1947,1
1948,1
1949,10
1950,4
1951,2
1952,7
1953,5
1954,4
1955,5
1956,13
1957,2
1958,2
1959,12
1960,3
1961,7
1962,14
1963,47
1964,7
1965,5
1966,5
1967,17
1968,5
1969,2
1970,4
1971,20
1972,2
1973,2
1974,23
1975,15
1976,22
1977,60
1978,22
1979,4
1980,9
1981,17
1982,4
1983,3
1984,31
1985,1
1986,2
1987,4
1988,2
1989,29
1990,1
1991,1
1992,5
1993,32
1994,5
1995,5
1996,1
1997,2
1998,4
1999,21
2000,10
2001,3
2002,2
2003,3
2004,35
2005,106
2006,7
2007,18
2008,4
2009,1
2010,3
2011,18
2012,4
2013,1
2014,2
2015,8
2016,9
2017,1
2018,15
2019,9
2020,11
2021,3
2022,10
2023,5
2024,1
2025,13
2026,28
2027,57
2028,8
2029,6
2030,7
2031,13
2032,1
2033,6
2034,3
2035,2
2036,51
2037,5
2038,51
2039,74
2040,4
2041,8
2042,4
2043,9
2044,3
2045,12
2046,2
2047,5
2048,3
2049,4
2050,3
2051,12
2052,2
2053,5
2054,8
2055,1
2056,3
2057,21
2058,1
2059,21
2060,6
2061,1
2062,5
2063,259
2064,57
2065,1
2066,11
2067,9
2068,3
2069,4
2070,50
2071,35
2072,4
2073,9
2074,4
2075,1
2076,5
2077,2
2078,4
2079,9
2080,10
2081,3
2082,20
2083,79
2084,24
2085,41
2086,7
2087,6
2088,2
2089,4
2090,4
2091,9
2092,5
2093,3
2094,27
2095,79
2096,3
2097,3
2098,4
2099,21
2100,3
2101,1
2102,4
2103,1
2104,138
2105,4
2106,2
2107,1
2108,3
2109,3
2110,2
2111,1
2112,1
2113,1
2114,10
2115,75
2116,38
2117,24
2118,12
2119,9
2120,1
2121,15
2122,1
2123,1
2124,2
2125,2
2126,1
2127,4
2128,1
2129,2
2130,63
2131,3
2132,2
2133,2
2134,18
2135,19
2136,10
2137,3
2138,6
2139,64
2140,18
2141,2
2142,1
2143,4
2144,13
2145,3
2146,1
2147,4
2148,112
2149,22
2150,28
2151,31
2152,3
2153,20
2154,2
2155,80
2156,10
2157,29
2158,5
2159,3
2160,62
2161,75
2162,47
2163,21
2164,3
2165,111
2166,36
2167,1
2168,7
2169,86
2170,63
2171,21
2172,3
2173,3
2174,147
2175,43
2176,13
2177,21
2178,20
2179,6
2180,34
2181,36
2182,45
2183,5
2184,11
2185,2
2186,19
2187,16
2188,12
2189,14
2190,10
2191,3
2192,18
2193,18
2194,14
2195,6
2196,31
2197,3
2198,10
2199,45
2200,14
2201,5
2202,5
2203,22
2204,2
2205,5
2206,3
2207,1
2208,2
2209,7
2210,1
2211,22
2212,42
2213,193
2214,39
2215,6
2216,1
2217,2
2218,6
2219,51
2220,4
2221,6
2222,3
2223,2
2224,1
2225,21
2226,3
2227,2
2228,3
2229,1
2230,3
2231,2
2232,8
2233,22
2234,5
2235,6
2236,106
2237,25
2238,9
2239,16
2240,30
2241,9
2242,107
2243,4
2244,2
2245,1
2246,5
2247,10
2248,25
2249,75
2250,23
2251,11
2252,2
2253,16
2254,2
2255,6
2256,1
2257,6
2258,4
2259,3
2260,15
2261,2
2262,10
2263,2
2264,25
2265,11
2266,2
2267,11
2268,1
2269,1
2270,3
2271,1
2272,1
2273,24
2274,22
2275,3
2276,3
2277,1
2278,9
2279,3
2280,1
2281,1
2282,1
2283,3
2284,6
2285,2
2286,1
2287,5
2288,21
2289,220
2290,5
2291,10
2292,15
2293,8
2294,30
2295,2
2296,10
2297,10
2298,2
2299,1
2300,8
2301,32
2302,16
2303,2
2304,18
2305,3
2306,9
2307,2
2308,5
2309,1
2310,43
2311,6
2312,8
2313,1
2314,2
2315,4
2316,2
2317,11
2318,7
2319,46
2320,6
2321,3
2322,1
2323,2
2324,1
2325,2
2326,3
2327,3
2328,9
2329,4
2330,3
2331,1
2332,7
2333,9
2334,6
2335,44
2336,17
2337,1
2338,42
2339,104
2340,22
2341,133
2342,17
2343,4
2344,9
2345,3
2346,1
2347,6
2348,7
2349,21
2350,2
2351,3
2352,14
2353,2
2354,6
2355,10
2356,6
2357,4
2358,3
2359,2
2360,8
2361,14
2362,30
2363,6
2364,35
2365,1
2366,11
2367,53
2368,32
2369,31
2370,19
2371,19
2372,11
2373,31
2374,6
2375,202
2376,11
2377,4
2378,4
2379,19
2380,5
2381,43
2382,3
2383,6
2384,20
2385,2
2386,28
2387,4
2388,2
2389,21
2390,2
2391,8
2392,2
2393,1
2394,1
2395,2
2396,1
2397,58
2398,19
2399,108
2400,8
2401,18
2402,17
2403,24
2404,1
2405,17
2406,16
2407,2
2408,126
2409,1
2410,38
2411,1
2412,2
2413,1
2414,13
2415,30
2416,45
2417,14
2418,3
2419,2
2420,10
2421,3
2422,6
2423,15
2424,5
2425,14
2426,27
2427,31
2428,1
2429,14
2430,3
2431,1
2432,4
2433,2
2434,9
2435,1
2436,7
2437,58
2438,29
2439,17
2440,4
2441,18
2442,4
2443,48
2444,6
2445,1
2446,3
2447,1
2448,24
2449,4
2450,3
2451,1
2452,2
2453,11
2454,79
2455,10
2456,7
2457,2
2458,2
2459,21
2460,11
2461,11
2462,7
2463,3
2464,10
2465,14
2466,17
2467,5
2468,11
2469,11
2470,37
2471,6
2472,5
2473,4
2474,9
2475,2
2476,7
2477,52
2478,36
2479,20
2480,5
2481,30
2482,19
2483,23
2484,6
2485,5
2486,7
2487,3
2488,31
2489,5
2490,12
2491,35
2492,9
2493,28
2494,49
2495,10
2496,3
2497,29
2498,19
2499,3
2500,32
2501,37
2502,1
2503,3
2504,9
2505,3
2506,19
2507,125
2508,3
2509,1
2510,4
2511,2
2512,3
2513,1
2514,1
2515,10
2516,6
2517,4
2518,12
2519,12
2520,2
2521,12
2522,9
2523,2
2524,4
2525,1
2526,4
2527,5
2528,1
2529,2
2530,6
2531,22
2532,103
2533,39
2534,3
2535,21
2536,7
2537,11
2538,18
2539,27
2540,2
2541,17
2542,57
2543,1
2544,7
2545,1
2546,1
2547,8
2548,25
2549,13
2550,2
2551,25
2552,35
2553,65
2554,66
2555,6
2556,22
2557,11
2558,1
2559,6
2560,8
2561,4
2562,13
2563,20
2564,4
2565,9
2566,1
2567,1
2568,11
2569,20
2570,4
2571,21
2572,3
2573,10
2574,20
2575,1
2576,15
2577,7
2578,1
2579,4
2580,1
2581,6
2582,52
2583,2
2584,10
2585,1
2586,1
2587,1
2588,5
2589,13
2590,2
2591,4
2592,4
2593,5
2594,1
2595,3
2596,6
2597,1
2598,2
2599,2
2600,8
2601,14
2602,1
2603,29
2604,37
2605,15
2606,17
2607,12
2608,10
2609,30
2610,74
2611,22
2612,57
2613,48
2614,29
2615,21
2616,15
2617,17
2618,12
2619,12
2620,29
2621,15
2622,10
2623,8
2624,14
2625,10
2626,20
2627,11
2628,15
2629,8
2630,27
2631,11
2632,22
2633,1
2634,1
2635,2
2636,4
2637,27
2638,6
2639,4
2640,2
2641,1
2642,1
2643,8
2644,29
2645,6
2646,26
2647,26
2648,1
2649,1
2650,3
2651,4
2652,23
2653,10
2654,2
2655,8
2656,2
2657,1
2658,11
2659,35
2660,1
2661,2
2662,7
2663,3
2664,3
2665,3
2666,20
2667,1
2668,7
2669,1
2670,16
2671,1
2672,1
2673,3
2674,12
2675,7
2676,2
2677,1
2678,6
2679,1
2680,10
2681,1
2682,30
2683,12
2684,4
2685,18
2686,19
2687,27
2688,44
2689,29
2690,38
2691,7
2692,14
2693,4
2694,1
2695,4
2696,1
2697,6
2698,1
2699,3
2700,3
2701,42
2702,5
2703,9
2704,2
2705,3
2706,5
2707,1
2708,4
2709,5
2710,35
2711,10
2712,11
2713,1
2714,2
2715,4
2716,1
2717,12
2718,8
2719,4
2720,85
2721,28
2722,8
2723,4
2724,2
2725,3
2726,45
2727,13
2728,59
2729,8
2730,1
2731,32
2732,1
2733,6
2734,2
2735,3
2736,10
2737,7
2738,2
2739,1
2740,1
2741,32
2742,8
2743,1
2744,18
2745,10
2746,5
2747,14
2748,2
2749,4
2750,9
2751,1
2752,1
2753,53
2754,2
2755,31
2756,18
2757,19
2758,2
2759,1
2760,4
2761,6
2762,2
2763,1
2764,13
2765,32
2766,1
2767,1
2768,5
2769,17
2770,23
2771,12
2772,4
2773,62
2774,1
2775,4
2776,24
2777,10
2778,12
2779,21
2780,7
2781,88
2782,6
2783,11
2784,1
2785,43
2786,2
2787,1
2788,1
2789,13
2790,1
2791,2
2792,2
2793,13
2794,45
2795,5
2796,8
2797,2
2798,10
2799,38
2800,11
2801,4
2802,21
2803,13
2804,3
2805,41
2806,4
2807,19
2808,7
2809,5
2810,8
2811,1
2812,6
2813,3
2814,11
2815,1
2816,17
2817,5
2818,23
2819,53
2820,14
2821,9
2822,1
2823,24
2824,51
2825,18
2826,6
2827,9
2828,3
2829,2
2830,22
2831,3
2832,22
2833,16
2834,4
2835,16
2836,18
2837,3
2838,17
2839,54
2840,1
2841,3
2842,29
2843,30
2844,6
2845,6
2846,1
2847,2
2848,11
2849,11
2850,11
2851,1
2852,1
2853,7
2854,5
2855,2
2856,2
2857,2
2858,1
2859,2
2860,4
2861,161
2862,3
2863,1
2864,6
2865,4
2866,1
2867,2
2868,3
2869,18
2870,19
2871,12
2872,1
2873,6
2874,4
2875,4
2876,1
2877,5
2878,2
2879,9
2880,29
2881,2
2882,1
2883,1
2884,2
2885,17
2886,13
2887,3
2888,37
2889,10
2890,1
2891,2
2892,1
2893,2
2894,81
2895,38
2896,3
2897,3
2898,1
2899,11
2900,3
2901,12
2902,6
2903,22
2904,1
2905,23
2906,18
2907,2
2908,2
2909,8
2910,11
2911,10
2912,13
2913,2
2914,1
2915,2
2916,2
2917,1
2918,2
2919,1
2920,1
2921,1
2922,1
2923,1
2924,13
2925,3
2926,62
2927,8
2928,2
2929,3
2930,11
2931,14
2932,8
2933,5
2934,4
2935,3
2936,14
2937,7
2938,24
2939,9
2940,15
2941,20
2942,1
2943,12
2944,5
2945,5
2946,2
2947,2
2948,5
2949,3
2950,2
2951,3
2952,19
2953,24
2954,22
2955,3
2956,16
2957,35
2958,29
2959,19
2960,9
2961,14
2962,10
2963,3
2964,3
2965,1
2966,12
2967,4
2968,2
2969,3
2970,2
2971,56
2972,2
2973,1
2974,2
2975,2
2976,5
2977,13
2978,4
2979,4
2980,5
2981,7
2982,3
2983,23
2984,2
2985,3
2986,7
2987,8
2988,27
2989,7
2990,1
2991,5
2992,3
2993,22
2994,13
2995,16
2996,2
2997,13
2998,23
2999,1
3000,7
3001,99
3002,43
3003,65
3004,6
3005,53
3006,1
3007,2
3008,2
3009,9
3010,3
3011,21
3012,5
3013,1
3014,3
3015,1
3016,5
3017,3
3018,4
3019,6
3020,2
3021,1
3022,2
3023,1
3024,14
3025,2
3026,37
3027,5
3028,2
3029,15
3030,5
3031,1
3032,24
3033,3
3034,127
3035,5
3036,2
3037,26
3038,4
3039,1
3040,15
3041,5
3042,2
3043,1
3044,3
3045,5
3046,29
3047,4
3048,9
3049,11
3050,6
3051,13
3052,3
3053,5
3054,1
3055,14
3056,2
3057,4
3058,5
3059,27
3060,30
3061,18
3062,1
3063,6
3064,1
3065,3
3066,4
3067,3
3068,9
3069,1
3070,1
3071,1
3072,2
3073,9
3074,2
3075,20
3076,1
3077,1
3078,1
3079,1
3080,1
3081,1
3082,12
3083,2
3084,2
3085,4
3086,3
3087,2
3088,1
3089,14
3090,34
3091,4
3092,6
3093,35
3094,27
3095,1
3096,10
3097,3
3098,11
3099,1
3100,5
3101,1
3102,1
3103,20
3104,1
3105,1
3106,3
3107,5
3108,1
3109,1
3110,2
3111,21
3112,2
3113,8
3114,99
3115,1
3116,2
3117,1
3118,3
3119,1
3120,1
3121,5
3122,1
3123,23
3124,59
3125,2
3126,3
3127,3
3128,39
3129,11
3130,4
3131,3
3132,2
3133,2
3134,2
3135,1
3136,1
3137,8
3138,2
3139,10
3140,5
3141,9
3142,5
3143,4
3144,1
3145,1
3146,6
3147,2
3148,1
3149,1
3150,1
3151,1
3152,1
3153,3
3154,1
3155,7
3156,1
3157,88
3158,69
3159,9
3160,1
3161,17
3162,3
3163,4
3164,2
3165,8
3166,16
3167,1
3168,3
3169,2
3170,8
3171,2
3172,3
3173,2
3174,43
3175,17
3176,23
3177,3
3178,1
3179,11
3180,5
3181,4
3182,1
3183,79
3184,10
3185,18
3186,14
3187,12
3188,16
3189,23
3190,1
3191,20
3192,10
3193,29
3194,5
3195,4
3196,11
3197,4
3198,16
3199,62
3200,114
3201,10
3202,14
3203,20
3204,1
3205,1
3206,36
3207,2
3208,5
3209,9
3210,20
3211,24
3212,4
3213,11
3214,95
3215,4
3216,45
3217,22
3218,32
3219,11
3220,44
3221,26
3222,11
3223,9
3224,96
3225,21
3226,4
3227,53
3228,1
3229,96
3230,15
3231,4
3232,4
3233,18
3234,73
3235,1
3236,10
3237,8
3238,13
3239,9
3240,11
3241,4
3242,2
3243,1
3244,2
3245,5
3246,1
3247,1
3248,8
3249,1
3250,21
3251,4
3252,11
3253,1
3254,5
3255,7
3256,3
3257,9
3258,3
3259,2
3260,26
3261,1
3262,1
3263,1
3264,1
3265,5
3266,4
3267,1
3268,14
3269,51
3270,4
3271,1
3272,1
3273,8
3274,5
3275,1
3276,2
3277,2
3278,1
3279,9
3280,14
3281,2
3282,24
3283,1
3284,1
3285,2
3286,3
3287,1
3288,1
3289,5
3290,6
3291,11
3292,1
3293,1
3294,6
3295,3
3296,20
3297,5
3298,1
3299,12
3300,3
3301,3
3302,1
3303,1
3304,1
3305,2
3306,1
3307,3
3308,8
3309,2
3310,33
3311,8
3312,1
3313,3
3314,6
3315,1
3316,2
3317,4
3318,30
3319,1
3320,4
3321,8
3322,3
3323,1
3324,1
3325,1
3326,5
3327,1
3328,3
3329,6
3330,3
3331,1
3332,1
3333,1
3334,3
3335,1
3336,5
3337,8
3338,4
3339,2
3340,9
3341,6
3342,2
3343,2
3344,1
3345,1
3346,1
3347,1
3348,4
3349,6
3350,1
3351,1
3352,10
3353,7
3354,5
3355,3
3356,14
3357,1
3358,3
3359,5
3360,4
3361,4
3362,6
3363,3
3364,1
3365,37
3366,2
3367,11
3368,132
3369,10
3370,2
3371,4
3372,14
3373,1
3374,6
3375,30
3376,2
3377,3
3378,17
3379,37
3380,1
3381,71
3382,10
3383,2
3384,3
3385,1
3386,5
3387,7
3388,49
3389,6
3390,3
3391,1
3392,3
3393,1
3394,32
3395,3
3396,3
3397,2
3398,7
3399,3
3400,3
3401,5
3402,2
3403,10
3404,1
3405,3
3406,1
3407,3
3408,9
3409,7
3410,2
3411,3
3412,4
3413,3
3414,2
3415,28
3416,2
3417,1
3418,5
3419,3
3420,174
3421,55
3422,42
3423,4
3424,2
3425,5
3426,4
3427,1
3428,28
3429,13
3430,1
3431,11
3432,14
3433,4
3434,1
3435,12
3436,4
3437,1
3438,2
3439,4
3440,8
3441,1
3442,20
3443,33
3444,6
3445,1
3446,4
3447,1
3448,17
3449,3
3450,1
3451,1
3452,2
3453,6
3454,7
3455,6
3456,2
3457,29
3458,6
3459,35
3460,4
3461,40
3462,55
3463,2
3464,9
3465,1
3466,13
3467,3
3468,2
3469,3
3470,3
3471,6
3472,6
3473,19
3474,2
3475,1
3476,1
3477,1
3478,3
3479,4
3480,1
3481,1
3482,1
3483,1
3484,2
3485,2
3486,1
3487,11
3488,2
3489,5
3490,3
3491,1
3492,1
3493,1
3494,1
3495,4
3496,5
3497,7
3498,1
3499,9
3500,1
3501,7
3502,2
3503,4
3504,3
3505,3
3506,3
3507,1
3508,4
3509,3
3510,2
3511,19
3512,47
3513,18
3514,7
3515,1
3516,5
3517,2
3518,2
3519,2
3520,1
3521,1
3522,5
3523,7
3524,1
3525,13
3526,1
3527,1
3528,1
3529,1
3530,6
3531,1
3532,1
3533,6
3534,1
3535,4
3536,4
3537,4
3538,3
3539,6
3540,4
3541,24
3542,2
3543,1
3544,4
3545,1
3546,4
3547,3
3548,1
3549,21
3550,1
3551,3
3552,3
3553,4
3554,4
3555,5
3556,2
3557,1
3558,2
3559,2
3560,2
3561,5
3562,3
3563,1
3564,1
3565,2
3566,1
3567,5
3568,1
3569,1
3570,2
3571,2
3572,2
3573,5
3574,2
3575,5
3576,4
3577,1
3578,1
3579,1
3580,1
3581,3
3582,14
3583,5
3584,1
3585,4
3586,3
3587,1
3588,9
3589,11
3590,1
3591,1
3592,1
3593,2
3594,5
3595,8
3596,1
3597,2
3598,1
3599,1
3600,1
3601,3
3602,40
3603,3
3604,1
3605,2
3606,1
3607,1
3608,4
3609,7
3610,2
3611,1
3612,1
3613,1
3614,1
3615,1
3616,1
3617,3
3618,1
3619,1
3620,1
3621,1
3622,2
3623,3
3624,1
3625,8
3626,1
3627,5
3628,2
3629,14
3630,1
3631,23
3632,4
3633,2
3634,1
3635,3
3636,4
3637,2
3638,2
3639,1
3640,1
3641,1
3642,31
3643,14
3644,1
3645,36
3646,7
3647,44
3648,1
3649,1
3650,6
3651,2
3652,6
3653,1
3654,5
3655,1
3656,3
3657,5
3658,4
3659,1
3660,4
3661,2
3662,1
3663,2
3664,10
3665,1
3666,2
3667,3
3668,4
3669,8
3670,10
3671,1
3672,9
3673,3
3674,1
3675,4
3676,1
3677,3
3678,2
3679,1
3680,1
3681,2
3682,4
3683,1
3684,6
3685,18
3686,26
3687,3
3688,3
3689,4
3690,1
3691,5
3692,2
3693,1
3695,5
3696,3
3697,1
3698,1
3699,39
3700,2
3701,49
3702,2
3703,3
3704,5
3705,1
3706,1
3707,6
3708,8
3709,1
3710,3
3711,2
3712,31
3713,6
3714,1
3715,2
3716,3
3717,1
3718,1
3719,2
3720,5
3721,3
3722,1
3723,2
3724,2
3725,1
3726,2
3727,1
3728,2
3729,1
3730,3
3731,7
3732,1
3734,4
3735,1
3736,3
3737,2
3738,3
3739,1
3740,1
3741,4
3742,2
3743,3
3744,37
3745,2
3746,3
3747,4
3748,7
3749,1
3750,4
3751,4
3752,1
3753,2
3754,7
3755,2
3756,2
3757,6
3758,6
3759,1
3760,2
3761,5
3762,2
3763,2
3764,1
3765,11
3766,2
3767,46
3768,1
3769,3
3770,1
3771,19
3772,2
3773,2
3774,1
3775,2
3776,3
3777,2
3778,8
3779,2
3780,2
3781,1
3782,1
3783,14
3784,10
3785,39
3786,1
3787,1
3788,1
3789,23
3790,13
3791,1
3792,1
3793,3
3794,1
3795,20
3796,5
3797,5
3798,11
3799,24
3800,1
3801,4
3802,93
3803,8
3804,20
3805,2
3806,130
3807,10
3808,4
3809,7
3810,23
3811,1
3812,1
3813,105
3814,1
3815,4
3816,2
3817,26
3818,4
3819,10
3820,3
3821,5
3822,10
3823,4
3824,2
3825,3
3826,1
3827,2
3828,1
3829,3
3830,5
3831,1
3832,4
3833,1
3834,8
3835,7
3836,1
3837,2
3838,1
3839,2
3840,7
3841,2
3842,5
3843,2
3844,1
3845,12
3846,1
3847,1
3848,130
3849,1
3850,5
3851,9
3852,2
3853,5
3854,9
3855,3
3856,2
3857,125
3858,13
3859,37
3860,2
3861,3
3862,5
3863,69
3864,15
3865,2
3866,1
3867,1
3868,1
3869,2
3870,3
3871,10
3872,200
3873,10
3874,114
3875,1
3876,1
3877,2
3878,1
3879,1
3880,2
3881,1
3882,1
3883,8
3884,6
3885,49
3886,3
3887,29
3888,14
3889,27
3890,4
3891,3
3892,1
3893,5
3894,1
3895,1
3896,10
3897,10
3898,4
3899,2
3900,1
3901,4
3902,1
3903,1
3904,5
3905,1
3906,1
3907,1
3908,1
3909,5
3910,5
3911,16
3912,2
3913,2
3914,3
3915,8
3916,4
3917,1
3918,1
3919,59
3920,3
3921,1
3922,1
3923,23
3924,7
3925,10
3926,2
3927,1
3928,3
3929,2
3930,8
3931,1
3932,1
3933,1
3934,2
3935,2
3936,1
3937,3
3938,1
3939,1
3940,3
3941,3
3942,3
3943,3
3944,1
3945,2
3946,1
3947,3
3948,1
3949,1
3950,21
3951,4
3952,6
3953,4
3954,5
3955,1
3956,11
3957,3
3958,5
3959,1
3960,1
3961,6
3962,3
3963,1
3964,1
3965,3
3966,6
3967,2
3968,16
3969,2
3970,3
3971,2
3972,1
3973,11
3974,8
3975,13
3976,16
3977,1
3978,5
3979,1
3980,1
3981,3
3982,1
3983,3
3985,3
3986,12
3987,2
3988,5
3989,2
3990,1
3991,1
3992,2
3993,3
3994,3
3995,1
3996,1
3997,2
3998,1
3999,1
4000,1
4001,1
4002,4
4003,63
4004,22
4005,5
4006,6
4007,1
4008,1
4009,26
4010,1
4011,1
4012,1
4013,1
4014,1
4015,1
4016,1
4017,1
4018,1
4019,4
4020,2
4021,2
4022,1
4023,1
4024,1
4025,2
4026,6
4027,2
4028,5
4029,22
4030,4
4031,1
4032,1
4033,1
4034,4
4035,30
4036,4
4037,7
4038,1
4039,2
4040,1
4041,1
4042,1
4043,3
4044,3
4045,11
4046,1
4047,2
4049,16
4050,8
4051,10
4052,10
4053,8
4054,3
4055,3
4056,51
4057,3
4058,1
4059,1
4060,10
4061,3
4062,1
4063,1
4064,19
4065,8
4066,8
4067,11
4068,2
4069,6
4070,5
4071,4
4072,1
4073,2
4074,3
4075,1
4076,3
4077,1
4078,3
4079,8
4080,4
4081,1
4082,1
4083,2
4084,3
4085,1
4086,134
4087,1
4088,1
4089,2
4090,1
4091,5
4092,2
4093,3
4094,1
4095,1
4096,6
4097,2
4098,1
4099,3
4100,2
4101,2
4102,2
4103,52
4104,82
4105,4
4106,5
4107,5
4108,1
4109,1
4110,6
4111,5
4112,26
4113,3
4114,6
4115,1
4116,2
4117,17
4118,9
4119,2
4120,2
4121,1
4122,4
4123,6
4124,1
4125,5
4126,100
4127,12
4128,6
4129,3
4130,1
4131,1
4132,1
4133,1
4134,2
4135,2
4136,3
4137,1
4138,1
4139,21
4140,115
4141,10
4142,3
4143,1
4144,19
4145,1
4146,6
4147,2
4148,49
4149,4
4150,3
4151,16
4152,38
4153,1
4154,5
4155,1
4156,1
4157,3
4158,4
4159,5
4160,7
4161,5
4162,45
4163,5
4164,6
4165,2
4166,2
4167,12
4168,1
4169,54
4170,1
4171,8
4172,12
4173,4
4174,23
4175,5
4176,2
4177,1
4178,1
4179,1
4180,1
4181,4
4182,5
4183,6
4184,3
4185,3
4186,19
4187,6
4188,1
4189,1
4190,1
4191,1
4192,1
4193,10
4194,11
4195,3
4196,2
4197,2
4198,1
4199,1
4200,1
4201,1
4202,1
4203,2
4204,3
4205,2
4206,2
4207,6
4208,1
4209,17
4210,1
4211,12
4212,2
4213,1
4214,1
4215,1
4216,2
4217,1
4218,1
4219,1
4220,4
4221,3
4222,1
4223,1
4224,2
4225,6
4226,3
4227,3
4228,1
4229,2
4230,1
4231,15
4232,63
4233,1
4234,22
4235,8
4236,1
4237,3
4238,5
4239,2
4240,27
4241,2
4242,2
4243,1
4244,1
4245,1
4246,1
4247,1
4248,1
4249,2
4250,2
4251,2
4252,10
4253,3
4254,2
4255,2
4256,1
4257,6
4258,2
4259,5
4260,58
4261,4
4262,1
4263,24
4264,1
4265,1
4266,1
4267,48
4268,5
4269,2
4270,1
4271,1
4272,5
4273,1
4274,14
4275,1
4276,11
4277,4
4278,1
4279,1
4280,2
4281,1
4282,4
4283,5
4284,1
4285,3
4286,1
4287,1
4288,1
4289,2
4290,2
4291,1
4292,3
4293,1
4294,1
4295,1
4296,1
4297,1
4298,7
4299,3
4300,1
4301,1
4302,1
4303,3
4304,1
4305,1
4306,1
4307,1
4308,4
4309,22
4310,5
4311,11
4312,1
4313,1
4314,13
4315,5
4316,1
4317,2
4318,2
4319,3
4320,3
4321,1
4322,6
4323,24
4324,15
4325,2
4326,81
4327,1
4328,1
4329,3
4330,1
4331,1
4332,1
4333,2
4334,1
4335,2
4336,4
4337,1
4338,1
4339,1
4340,2
4341,3
4342,1
4343,1
4344,3
4345,1
4346,3
4347,1
4348,1
4349,2
4350,1
4351,1
4352,3
4353,1
4354,1
4355,31
4356,1
4357,2
4358,2
4359,10
4360,16
4361,3
4362,2
4363,8
4364,7
4365,1
4366,1
4367,1
4368,3
4369,2
4370,9
4371,1
4372,42
4373,35
4374,3
4375,1
4376,1
4377,2
4378,2
4379,1
4380,1
4381,2
4382,1
4383,4
4384,3
4385,1
4386,1
4387,4
4388,5
4389,4
4390,5
4391,15
4392,10
4393,34
4394,2
4395,3
4396,188
4397,27
4398,8
4399,35
4400,15
4401,1
4402,8
4403,1
4404,2
4405,2
4406,2
4407,1
4408,1
4409,2
4410,1
4411,5
4412,26
4413,1
4414,1
4416,1
4417,2
4418,99
4419,51
4420,15
4421,1
4422,1
4423,61
4424,1
4425,10
4426,16
4427,2
4428,2
4429,2
4430,1
4431,4
4432,1
4433,69
4434,2
4435,1
4436,2
4437,3
4438,2
4439,2
4440,1
4441,1
4442,1
4443,2
4444,3
4445,1
4446,1
4447,2
4448,1
4449,3
4450,9
4451,14
4452,4
4453,5
4454,2
4455,1
4456,1
4457,1
4458,2
4459,1
4460,1
4461,1
4462,4
4463,2
4464,1
4465,1
4466,6
4467,1
4468,10
4469,1
4470,1
4471,1
4472,1
4473,3
4474,1
4475,1
4476,3
4477,2
4478,1
4479,3
4480,2
4481,2
4482,1
4483,1
4484,2
4485,1
4486,1
4487,1
4488,15
4489,15
4490,28
4491,1
4492,2
4493,1
4494,1
4495,5
4496,3
4497,2
4498,1
4499,3
4500,5
4501,1
4502,1
4503,6
4504,32
4505,1
4506,4
4507,1
4508,2
4509,2
4510,1
4511,1
4512,2
4513,7
4514,7
4515,6
4516,3
4517,5
4518,41
4519,2
4520,3
4521,1
4522,1
4523,2
4525,2
4526,2
4527,3
4528,2
4529,1
4530,6
4531,3
4532,6
4533,2
4534,2
4535,13
4536,1
4537,2
4538,2
4539,2
4540,4
4541,3
4542,4
4543,5
4544,1
4545,1
4546,2
4547,1
4548,5
4549,3
4550,1
4551,2
4552,2
4553,7
4554,4
4555,3
4556,1
4557,1
4558,28
4559,16
4560,1
4561,4
4562,23
4563,4
4564,5
4565,4
4566,1
4567,21
4568,8
4569,1
4570,6
4571,1
4572,3
4573,1
4574,9
4575,2
4576,1
4577,4
4578,2
4579,2
4580,5
4581,2
4582,3
4583,23
4584,3
4585,1
4586,16
4587,1
4588,81
4589,1
4590,3
4591,2
4592,2
4593,2
4594,1
4595,1
4596,5
4597,1
4598,1
4599,22
4600,2
4601,1
4602,3
4603,3
4604,82
4605,10
4606,1
4607,1
4608,6
4609,50
4610,2
4611,122
4612,55
4613,4
4614,11
4615,12
4616,1
4617,22
4618,2
4619,1
4620,2
4621,3
4622,2
4623,1
4624,2
4625,1
4626,2
4627,2
4628,5
4629,1
4630,1
4631,1
4632,2
4633,3
4634,2
4635,2
4636,1
4637,1
4638,1
4639,5
4640,1
4641,1
4642,1
4643,3
4644,6
4645,23
4646,1
4647,1
4648,1
4649,3
4650,1
4651,3
4652,5
4653,2
4654,1
4655,2
4656,5
4657,2
4658,1
4659,4
4660,1
4661,1
4662,1
4663,2
4664,1
4665,2
4666,3
4667,4
4668,4
4669,1
4670,2
4671,1
4672,52
4673,24
4674,1
4675,1
4676,1
4677,1
4679,3
4680,1
4681,1
4682,1
4683,3
4684,1
4685,1
4686,4
4687,1
4688,5
4689,16
4690,6
4691,1
4692,38
4693,5
4694,141
4695,20
4696,1
4697,11
4698,5
4699,10
4700,1
4701,4
4702,1
4703,12
4704,25
4705,4
4706,2
4707,1
4708,1
4709,3
4710,3
4711,1
4712,10
4713,2
4714,6
4715,3
4716,14
4717,10
4718,4
4719,2
4720,1
4721,1
4722,2
4723,1
4724,2
4725,1
4726,5
4727,2
4728,6
4729,3
4730,8
4731,17
4732,1
4733,1
4734,1
4735,1
4736,2
4737,4
4738,2
4739,3
4740,6
4741,1
4742,4
4743,3
4744,5
4745,5
4746,13
4747,15
4748,8
4749,5
4750,1
4751,9
4752,6
4753,1
4754,1
4755,3
4756,1
4758,1
4759,3
4760,1
4761,1
4762,1
4763,1
4764,4
4765,22
4766,10
4767,3
4768,85
4769,3
4770,2
4771,4
4772,2
4773,1
4774,6
4775,1
4776,1
4777,1
4778,6
4779,4
4780,2
4781,1
4782,5
4783,2
4784,1
4785,1
4786,10
4787,21
4788,9
4789,1
4790,2
4791,1
4792,6
4793,4
4794,3
4795,2
4796,1
4797,2
4798,1
4799,2
4800,13
4801,7
4802,4
4803,9
4804,2
4805,2
4806,1
4807,5
4808,5
4809,4
4810,20
4811,2
4812,4
4813,5
4814,4
4815,3
4816,27
4817,2
4818,1
4819,1
4820,1
4821,1
4822,37
4823,4
4824,3
4825,4
4826,1
4827,2
4828,1
4829,2
4830,2
4831,4
4832,1
4833,1
4834,2
4835,1
4836,1
4838,4
4839,1
4840,1
4841,3
4842,1
4843,4
4844,2
4845,11
4846,4
4847,2
4848,51
4849,2
4850,13
4851,3
4852,4
4853,46
4854,1
4855,14
4856,111
4857,1
4858,1
4859,10
4860,3
4861,10
4862,1
4863,1
4864,2
4865,3
4866,12
4867,5
4868,10
4869,1
4870,7
4871,1
4872,2
4873,3
4874,1
4875,4
4876,2
4877,1
4878,2
4879,1
4880,10
4881,54
4882,3
4883,27
4884,1
4885,55
4886,11
4887,3
4888,34
4889,1
4890,3
4891,3
4892,30
4893,6
4894,19
4895,1
4896,2
4897,2
4898,1
4899,1
4900,2
4901,4
4902,2
4903,5
4904,10
4905,2
4906,5
4907,33
4908,1
4909,3
4910,1
4911,5
4912,5
4913,13
4914,3
4915,3
4916,1
4917,1
4918,15
4919,1
4920,5
4921,1
4922,1
4923,5
4924,7
4925,1
4926,2
4927,13
4928,3
4929,6
4930,5
4931,2
4932,2
4933,1
4934,1
4935,10
4936,1
4937,2
4938,4
4939,1
4940,26
4941,1
4942,2
4943,2
4944,1
4945,5
4946,3
4947,1
4948,5
4949,8
4950,3
4951,2
4952,4
4953,2
4954,6
4955,7
4956,7
4957,1
4958,1
4959,1
4960,1
4961,4
4962,1
4963,1
4964,8
4965,3
4966,4
4967,9
4968,7
4969,2
4970,1
4971,4
4972,2
4973,2
4974,2
4975,4
4976,5
4977,1
4978,5
4979,3
4980,4
4981,2
4982,2
4983,1
4984,1
4985,1
4986,8
4987,1
4988,1
4989,2
4990,2
4991,6
4992,33
4993,9
4994,1
4995,1
4996,2
4997,20
4998,3
4999,4
5000,4
5001,3
5002,1
5003,1
5004,1
5005,2
5006,5
5007,2
5008,6
5009,2
5010,6
5011,1
5012,1
5013,1
5014,1
5015,11
5016,4
5017,4
5018,7
5019,17
5020,2
5021,45
5022,55
5023,12
5024,5
5025,4
5026,1
5027,176
5028,8
5029,4
5030,15
5031,10
5032,16
5033,7
5034,16
5035,10
5036,6
5037,2
5038,3
5039,1
5040,13
5041,2
5042,1
5043,1
5044,1
5045,1
5046,1
5047,1
5048,1
5049,1
5050,1
5051,1
5052,1
5053,1
5054,1
5055,1
5056,1
5057,1
5058,1
5059,3
5060,3
5061,1
5062,4
5063,6
5064,3
5065,2
5066,1
5067,1
5068,3
5069,1
5070,5
5071,7
5072,2
5073,1
5075,1
5076,5
5077,1
5078,1
5079,48
5080,7
5081,10
5082,2
5083,1
5084,1
5085,11
5086,9
5087,2
5088,1
5089,1
5090,2
5091,8
5092,29
5093,3
5094,1
5095,2
5096,1
5097,5
5098,1
5099,1
5100,2
5101,1
5102,1
5103,1
5104,1
5105,3
5106,16
5107,12
5108,1
5109,4
5110,21
5111,7
5112,17
5113,9
5114,3
5116,1
5117,1
5118,13
5119,6
5120,7
5121,1
5122,1
5123,1
5124,1
5125,2
5126,1
5127,25
5128,106
5129,4
5130,6
5131,7
5132,2
5133,8
5134,1
5135,28
5136,1
5137,3
5138,3
5139,1
5140,6
5141,3
5142,3
5143,13
5144,10
5145,2
5146,1
5147,5
5148,1
5149,2
5150,1
5151,8
5152,1
5153,103
5154,7
5155,17
5156,23
5157,1
5158,2
5159,1
5160,28
5161,1
5162,16
5163,1
5164,32
5165,2
5166,7
5167,3
5168,4
5169,9
5170,3
5171,3
5172,1
5173,5
5174,22
5175,3
5176,2
5177,4
5178,1
5179,4
5180,11
5181,5
5182,1
5183,3
5184,7
5185,1
5186,2
5187,3
5188,1
5189,4
5190,1
5191,1
5192,6
5193,1
5194,6
5195,2
5196,2
5197,3
5198,1
5199,2
5200,1
5201,1
5202,1
5203,7
5204,1
5205,6
5206,1
5207,4
5208,2
5209,3
5210,1
5211,1
5212,6
5213,1
5214,3
5215,2
5216,2
5217,4
5218,2
5219,2
5220,2
5221,1
5222,4
5223,1
5224,1
5225,1
5226,7
5227,4
5228,4
5229,1
5230,1
5231,2
5232,1
5233,1
5234,1
5235,1
5236,3
5237,3
5238,5
5239,2
5240,3
5241,2
5242,2
5243,1
5244,2
5245,1
5246,1
5247,2
5248,2
5249,3
5250,3
5251,1
5252,3
5253,3
5254,2
5255,6
5256,3
5257,3
5258,5
5259,1
5260,4
5261,1
5262,1
5263,1
5264,1
5265,1
5266,1
5267,1
5268,1
5269,1
5270,1
5271,2
5272,1
5273,1
5274,3
5275,1
5276,1
5277,2
5278,1
5279,2
5280,1
5281,1
5282,1
5283,6
5284,2
5285,1
5286,6
5287,1
5288,1
5289,2
5290,1
5291,4
5292,1
5293,4
5294,3
5295,1
5296,1
5297,1
5298,1
5299,1
5300,1
5301,3
5302,5
5303,7
5304,3
5305,3
5306,4
5307,1
5308,1
5309,1
5310,3
5311,1
5312,1
5313,3
5314,1
5315,2
5316,5
5317,4
5318,6
5319,1
5320,2
5321,2
5322,2
5323,2
5324,7
5325,2
5326,1
5327,1
5328,1
5329,2
5330,2
5331,2
5332,1
5333,1
5334,3
5335,1
5336,4
5337,2
5338,2
5339,3
5340,11
5341,1
5342,1
5343,2
5344,2
5345,1
5346,1
5347,2
5348,8
5349,8
5350,3
5351,2
5352,7
5353,4
5354,1
5355,3
5356,1
5357,2
5358,4
5359,2
5360,3
5361,2
5362,3
5363,2
5364,5
5365,1
5366,4
5367,15
5368,1
5370,4
5371,1
5372,3
5373,1
5374,1
5375,1
5376,1
5377,2
5378,3
5379,1
5380,1
5381,2
5382,1
5383,3
5384,1
5385,2
5386,1
5387,1
5388,1
5389,9
5390,3
5391,3
5392,2
5393,81
5394,25
5395,1
5396,4
5397,2
5398,15
5399,2
5400,84
5401,5
5402,7
5403,20
5404,4
5405,10
5406,45
5407,2
5408,6
5409,1
5410,1
5411,1
5412,1
5413,1
5414,1
5415,1
5416,1
5417,1
5418,3
5419,1
5420,1
5421,2
5422,1
5423,1
5424,45
5425,1
5426,4
5427,2
5428,1
5429,1
5430,2
5431,3
5432,3
5433,14
5435,4
5436,3
5437,1
5438,9
5439,2
5440,2
5441,1
5442,2
5443,3
5444,1
5445,37
5446,37
5447,4
5448,5
5449,33
5450,1
5451,3
5452,1
5453,7
5454,1
5455,2
5456,1
5457,2
5458,1
5459,2
5460,1
5461,3
5462,5
5463,5
5464,1
5465,2
5466,2
5467,1
5468,3
5469,4
5470,1
5471,3
5472,1
5473,6
5474,2
5475,2
5476,4
5477,1
5478,2
5479,3
5480,4
5481,46
5482,13
5483,1
5484,1
5485,8
5486,84
5487,17
5488,8
5489,34
5490,1
5491,4
5492,57
5493,17
5494,2
5495,1
5496,3
5497,1
5498,4
5499,74
5500,7
5501,2
5502,1
5503,1
5504,1
5505,1
5506,1
5507,1
5508,1
5509,1
5510,1
5511,1
5512,2
5513,2
5514,1
5515,1
5516,1
5517,1
5518,2
5519,1
5520,1
5521,1
5522,1
5523,1
5524,2
5525,1
5526,1
5527,4
5528,1
5529,1
5530,1
5533,1
5534,2
5535,1
5536,1
5537,13
5538,29
5539,58
5540,1
5541,1
5542,1
5543,4
5544,1
5545,40
5546,1
5547,2
5548,22
5549,8
5550,18
5551,1
5552,2
5553,1
5554,1
5555,1
5556,1
5557,1
5558,7
5559,1
5560,2
5561,1
5562,1
5563,4
5564,1
5565,3
5566,5
5567,1
5568,1
5569,1
5570,1
5571,1
5572,1
5573,1
5574,1
5575,2
5576,11
5577,14
5578,1
5579,11
5580,4
5581,5
5582,1
5583,1
5584,26
5585,70
5586,5
5587,4
5588,2
5589,1
5590,1
5591,1
5592,1
5593,1
5594,4
5595,11
5596,4
5597,18
5598,2
5599,12
5600,1
5601,7
5602,20
5603,2
5604,1
5605,1
5606,2
5607,2
5608,4
5609,1
5610,2
5611,1
5612,3
5613,2
5614,4
5615,3
5616,1
5617,1
5618,13
5619,4
5620,45
5621,19
5622,2
5623,1
5624,1
5625,33
5626,21
5627,126
5628,1
5629,1
5630,7
5631,14
5632,3
5633,8
5634,37
5635,35
5636,8
5637,2
5638,2
5639,2
5640,19
5641,1
5642,17
5643,34
5644,12
5645,1
5646,2
5647,1
5648,2
5649,4
5650,1
5651,1
5652,1
5653,1
5654,1
5655,2
5656,1
5657,3
5658,1
5659,1
5660,5
5661,1
5662,2
5663,1
5664,1
5665,1
5666,4
5667,10
5668,1
5669,1
5670,3
5671,4
5672,1
5673,1
5674,1
5675,3
5676,1
5677,2
5678,1
5679,3
5680,1
5681,1
5682,1
5683,1
5684,4
5685,1
5686,1
5687,1
5688,3
5689,2
5690,1
5691,1
5692,2
5693,1
5694,1
5695,1
5696,1
5697,1
5698,1
5699,1
5700,1
5702,1
5703,1
5704,3
5705,1
5706,1
5707,1
5708,2
5709,2
5710,1
5711,1
5712,2
5713,1
5714,1
5715,1
5716,1
5717,1
5718,2
5719,1
5720,1
5721,1
5722,1
5723,1
5724,1
5725,2
5726,2
5727,1
5728,2
5729,6
5730,1
5731,1
5732,1
5733,1
5734,3
5735,2
5736,1
5737,1
5738,1
5739,6
5740,4
5741,1
5742,1
5743,1
5744,4
5745,1
5746,1
5747,1
5748,1
5749,2
5750,2
5751,1
5752,3
5753,1
5754,1
5755,2
5756,1
5757,1
5758,1
5759,1
5760,3
5761,2
5762,4
5763,1
5764,5
5765,1
5766,1
5767,1
5768,2
5769,1
5770,2
5771,2
5772,1
5773,2
5774,1
5775,1
5776,1
5777,1
5778,1
5779,5
5780,1
5781,1
5782,1
5783,1
5784,1
5785,2
5786,1
5787,2
5788,2
5789,2
5790,1
5791,1
5792,1
5793,2
5794,1
5795,1
5796,1
5797,1
5798,1
5799,3
5800,1
5801,1
5802,1
5803,1
5804,1
5805,1
5806,3
5807,1
5808,1
5809,1
5810,1
5811,3
5812,1
5813,1
5814,1
5815,1
5816,4
5817,4
5818,2
5819,2
5820,3
5821,2
5822,2
5823,1
5824,1
5825,1
5826,2
5827,5
5828,1
5829,2
5830,2
5831,13
5832,1
5833,1
5834,5
5835,1
5836,18
5837,1
5838,4
5839,2
5840,1
5841,1
5842,2
5843,1
5844,1
5845,3
5846,1
5847,1
5848,1
5849,4
5850,1
5851,8
5852,1
5853,1
5854,1
5855,1
5856,1
5857,1
5858,1
5859,12
5860,1
5861,1
5862,1
5863,1
5864,1
5865,1
5866,2
5867,1
5868,1
5869,1
5870,1
5871,3
5872,2
5873,1
5874,1
5875,1
5876,2
5877,2
5878,1
5879,2
5880,1
5881,1
5882,3
5883,1
5884,3
5885,1
5886,4
5887,3
5888,3
5889,2
5890,2
5891,2
5892,2
5893,1
5894,1
5895,2
5896,1
5897,1
5898,4
5899,6
5900,1
5901,3
5902,1
5903,1
5904,1
5905,2
5906,2
5907,1
5908,1
5909,1
5910,1
5911,2
5912,1
5913,6
5914,1
5915,2
5916,1
5917,1
5918,1
5919,5
5920,21
5921,1
5922,1
5923,17
5924,1
5925,2
5926,1
5927,1
5928,2
5929,1
5930,15
5931,1
5932,11
5933,1
5934,1
5935,1
5936,3
5937,3
5938,2
5939,1
5940,1
5941,4
5942,32
5943,1
5944,1
5945,1
5946,7
5947,5
5948,1
5949,2
5950,1
5951,2
5952,8
5953,1
5954,6
5955,9
5956,1
5957,6
5958,1
5959,14
5960,5
5961,1
5962,18
5963,1
5964,1
5965,4
5966,3
5967,8
5968,5
5969,1
5970,1
5971,1
5972,1
5973,1
5974,2
5975,1
5976,1
5977,7
5978,3
5979,1
5980,2
5981,14
5982,1
5983,1
5984,65
5985,2
5986,1
5987,3
5988,32
5989,1
5990,47
5991,3
5992,29
5993,34
5994,8
5995,1
5996,7
5997,9
5998,25
5999,1
6000,1
6001,2
6002,1
6003,1
6004,1
6005,2
6006,3
6007,1
6008,1
6009,2
6010,1
6011,1
6012,1
6013,1
6014,2
6015,2
6016,1
6017,2
6018,1
6019,4
6020,10
6021,2
6022,2
6023,1
6024,1
6025,2
6026,2
6027,2
6028,20
6029,1
6030,4
6031,2
6032,1
6033,1
6034,3
6035,2
6036,3
6037,1
6038,1
6039,2
6040,1
6041,1
6042,1
6043,27
6044,2
6045,1
6046,24
6047,1
6048,3
6049,25
6050,1
6051,1
6052,2
6053,1
6054,1
6055,1
6056,19
6057,1
6058,1
6059,2
6060,1
6061,3
6062,1
6063,1
6064,1
6065,2
6066,3
6067,1
6068,1
6069,9
6070,13
6071,1
6072,1
6073,1
6074,1
6075,1
6076,1
6077,1
6078,1
6079,2
6080,2
6081,1
6082,1
6083,6
6084,1
6085,1
6086,1
6087,1
6088,2
6089,2
6090,1
6091,1
6092,1
6093,2
6094,1
6095,1
6096,1
6097,1
6098,1
6099,2
6100,2
6101,1
6102,2
6103,80
6104,1
6105,5
6106,8
6107,1
6108,1
6109,1
6110,2
6111,1
6112,1
6113,1
6114,2
6115,2
6116,1
6117,3
6118,2
6119,1
6120,6
6121,1
6122,1
6123,34
6124,1
6125,2
6126,1
6127,2
6128,2
6129,7
6130,1
6131,10
6132,3
6133,48
6134,7
6135,1
6136,1
6137,1
6138,1
6139,4
6140,62
6141,2
6142,2
6143,1
6144,2
6145,1
6146,28
6147,1
6148,6
6149,3
6150,19
6151,4
6152,1
6153,49
6154,3
6155,2
6156,1
6157,1
6158,1
6159,105
6160,2
6161,1
6162,2
6163,5
6164,7
6165,1
6166,5
6167,1
6168,4
6169,1
6170,1
6171,1
6172,2
6173,40
6174,9
6175,1
6176,3
6177,15
6178,5
6179,42
6180,2
6181,1
6182,2
6183,22
6184,3
6185,3
6186,2
6187,12
6188,4
6189,1
6190,6
6191,1
6192,1
6193,40
6194,1
6195,15
6197,2
6198,2
6199,2
6200,2
6201,5
6202,4
6203,1
6204,10
6205,2
6206,1
6207,1
6208,51
6209,7
6210,1
6211,6
6212,1
6213,1
6214,11
6215,1
6216,18
6217,14
6218,8
6219,6
6220,31
6221,1
6222,7
6223,1
6224,8
6225,1
6226,2
6227,4
6228,1
6229,5
6230,2
6231,5
6232,13
6233,2
6234,1
6235,2
6236,11
6237,21
6238,10
6239,20
6240,1
6241,1
6242,19
6243,1
6244,8
6245,2
6246,1
6247,3
6248,28
6249,29
6250,3
6251,1
6252,5
6253,4
6254,10
6255,2
6256,1
6257,1
6258,29
6259,2
6260,1
6261,27
6262,2
6263,3
6264,1
6265,1
6266,3
6267,1
6268,1
6270,1
6271,4
6272,3
6273,18
6274,1
6275,5
6276,1
6277,1
6278,2
6279,1
6280,2
6281,1
6282,13
6283,6
6284,2
6285,3
6286,1
6287,1
6288,2
6289,16
6290,1
6291,4
6292,20
6293,2
6294,7
6295,59
6296,1
6297,42
6298,5
6299,1
6300,4
6301,1
6302,1
6303,2
6304,3
6305,16
6306,1
6307,3
6308,49
6309,23
6310,11
6311,1
6313,1
6314,4
6315,1
6316,2
6317,1
6318,24
6319,3
6320,5
6321,3
6322,1
6323,12
6324,2
6325,3
6326,2
6327,1
6328,3
6330,1
6331,4
6332,3
6333,1
6334,1
6335,4
6336,1
6337,8
6338,3
6339,1
6340,1
6341,2
6342,3
6343,15
6344,1
6345,1
6346,1
6347,1
6348,1
6349,1
6350,1
6351,1
6352,1
6353,1
6354,3
6355,1
6356,8
6357,1
6358,1
6359,1
6360,2
6361,1
6362,2
6363,1
6364,2
6365,1
6366,4
6367,1
6368,1
6369,3
6370,1
6371,1
6372,1
6373,1
6374,2
6375,5
6376,2
6377,7
6378,2
6379,1
6380,9
6381,6
6382,20
6383,1
6384,73
6385,3
6386,40
6387,1
6388,28
6389,5
6390,2
6391,1
6392,1
6393,1
6394,5
6395,1
6396,1
6397,37
6398,2
6399,1
6400,1
6401,4
6402,25
6403,1
6404,10
6405,3
6406,1
6407,1
6408,1
6409,14
6410,5
6411,2
6412,1
6413,1
6414,1
6415,1
6416,4
6417,6
6418,1
6419,4
6420,4
6421,4
6422,1
6423,1
6424,2
6425,21
6426,3
6427,2
6428,2
6429,1
6430,15
6431,2
6432,1
6433,35
6434,22
6435,5
6436,1
6437,25
6438,1
6439,1
6440,7
6441,4
6442,10
6443,1
6444,21
6445,59
6446,2
6447,18
6448,2
6449,6
6450,2
6451,4
6452,2
6453,1
6454,19
6455,1
6456,1
6457,4
6458,6
6459,7
6460,2
6461,1
6462,13
6463,1
6464,1
6465,1
6466,1
6467,76
6468,1
6469,16
6470,1
6471,3
6472,1
6473,2
6474,1
6475,4
6476,10
6477,4
6478,17
6479,18
6480,3
6481,40
6482,5
6483,1
6484,24
6485,1
6486,4
6487,1
6488,2
6489,1
6490,7
6491,2
6492,2
6493,1
6494,2
6495,1
6496,1
6497,4
6498,1
6499,1
6500,6
6501,1
6502,2
6503,1
6504,11
6505,1
6506,33
6507,5
6508,8
6509,1
6510,5
6511,1
6512,2
6513,1
6514,1
6515,1
6516,3
6517,1
6518,1
6519,11
6520,6
6521,1
6522,12
6523,1
6524,9
6525,1
6526,1
6527,2
6528,1
6529,1
6530,2
6531,1
6532,1
6533,8
6534,2
6535,6
6536,44
6537,52
6538,1
6539,1
6540,84
6541,2
6542,1
6543,1
6544,2
6545,1
6546,1
6547,1
6548,1
6549,1
6550,9
6551,3
6553,15
6554,3
6555,4
6556,43
6557,52
6558,4
6559,1
6560,1
6561,1
6562,3
6563,7
6564,1
6565,7
6566,9
6567,1
6568,3
6569,2
6570,1
6571,1
6572,61
6573,3
6574,13
6575,1
6576,1
6577,13
6578,1
6579,1
6580,2
6581,4
6582,2
6583,2
6584,37
6585,2
6586,9
6587,5
6588,1
6589,4
6590,1
6591,6
6592,4
6593,1
6594,1
6596,3
6597,3
6598,2
6599,2
6600,1
6601,1
6602,11
6603,1
6604,1
6605,1
6606,3
6607,1
6608,1
6609,1
6610,1
6611,1
6612,1
6613,4
6614,2
6615,1
6616,4
6617,3
6618,1
6619,3
6620,3
6621,1
6622,4
6623,2
6624,2
6625,2
6626,2
6627,1
6628,4
6629,59
6630,4
6631,2
6632,2
6633,1
6634,7
6635,5
6636,8
6637,5
6638,1
6639,1
6640,1
6641,1
6642,1
6643,1
6644,42
6645,2
6646,1
6647,1
6648,2
6649,1
6650,5
6651,1
6652,1
6653,20
6654,2
6655,59
6656,1
6657,3
6658,2
6659,1
6660,2
6661,4
6662,2
6663,1
6664,1
6665,7
6666,1
6667,1
6668,2
6669,14
6670,18
6671,8
6672,2
6673,11
6674,1
6675,13
6676,1
6677,10
6678,1
6679,2
6680,1
6681,1
6682,1
6683,6
6684,3
6685,1
6686,3
6687,4
6688,1
6689,2
6690,1
6691,1
6692,23
6693,1
6694,5
6695,1
6696,11
6697,1
6698,1
6699,9
6700,4
6701,24
6702,9
6703,14
6704,2
6705,1
6706,13
6707,11
6708,33
6709,5
6710,1
6711,1
6712,1
6713,2
6714,5
6715,25
6716,1
6717,3
6718,2
6719,2
6720,8
6721,1
6722,3
6723,13
6724,6
6725,1
6726,2
6727,1
6728,12
6729,7
6730,7
6731,25
6732,2
6733,5
6734,31
6735,1
6736,38
6737,7
6738,5
6739,1
6740,1
6741,2
6742,23
6743,1
6744,37
6745,3
6746,4
6747,61
6748,2
6749,1
6750,2
6751,3
6752,1
6753,1
6754,44
6755,1
6756,3
6757,3
6758,1
6759,4
6760,1
6761,1
6762,2
6763,1
6764,1
6765,1
6766,1
6767,9
6768,1
6769,14
6770,20
6771,4
6772,1
6773,9
6774,2
6775,4
6776,1
6777,1
6778,4
6779,1
6780,2
6781,1
6782,19
6783,1
6784,4
6785,1
6786,8
6787,2
6788,31
6789,2
6790,2
6791,1
6792,2
6793,6
6794,21
6795,2
6796,3
6797,12
6798,15
6799,7
6800,14
6801,1
6802,3
6803,1
6804,9
6805,4
6806,5
6807,1
6808,1
6809,1
6810,6
6811,1
6812,1
6813,1
6814,8
6815,1
6816,1
6817,22
6818,7
6819,5
6820,5
6821,49
6822,8
6823,1
6824,2
6825,1
6826,6
6828,8
6829,2
6830,4
6832,1
6833,1
6834,1
6835,1
6836,8
6837,15
6838,3
6839,2
6840,5
6841,42
6842,3
6843,9
6844,1
6845,4
6846,2
6847,1
6848,4
6849,72
6850,2
6851,12
6852,2
6853,1
6854,5
6855,19
6856,7
6857,26
6858,7
6859,4
6860,2
6861,1
6862,2
6863,1
6864,1
6865,3
6866,4
6867,16
6868,1
6869,1
6870,3
6871,3
6872,2
6873,2
6874,19
6875,2
6876,1
6877,1
6878,2
6879,6
6880,1
6881,6
6882,3
6883,18
6884,38
6885,1
6886,1
6887,1
6888,1
6889,1
6890,1
6891,11
6892,1
6893,6
6894,6
6895,2
6896,1
6897,1
6898,4
6899,6
6900,2
6901,8
6902,11
6903,1
6904,8
6905,2
6906,5
6907,3
6908,2
6909,6
6910,3
6911,1
6912,1
6913,1
6914,1
6915,1
6916,1
6917,121
6918,2
6919,1
6920,1
6921,1
6922,18
6923,2
6924,3
6925,1
6926,1
6927,1
6928,2
6929,1
6930,22
6931,4
6932,2
6933,5
6934,6
6935,2
6936,3
6937,3
6938,5
6939,2
6940,1
6941,1
6942,1
6943,1
6944,2
6945,75
6946,4
6947,1
6948,31
6949,11
6950,1
6951,2
6952,6
6953,2
6954,1
6955,10
6956,1
6957,1
6958,1
6959,3
6960,24
6961,1
6962,1
6963,1
6964,5
6965,2
6966,2
6967,33
6968,1
6969,2
6970,1
6971,1
6972,1
6973,1
6974,12
6975,1
6976,1
6977,1
6978,3
6979,6
6980,17
6981,76
6982,18
6983,19
6984,1
6985,13
6986,1
6987,1
6988,1
6989,5
6990,1
6991,4
6992,1
6993,4
6994,1
6995,3
6996,1
6997,6
6998,1
6999,5
7000,2
7001,1
7002,1
7003,1
7004,1
7005,26
7006,3
7007,14
7008,2
7009,3
7010,3
7011,1
7012,1
7013,3
7014,3
7015,12
7016,1
7017,1
7018,22
7019,1
7020,3
7021,1
7022,3
7023,19
7024,3
7025,1
7026,1
7027,1
7028,4
7029,9
7030,4
7031,1
7032,1
7033,30
7034,3
7035,2
7036,3
7037,2
7038,1
7039,2
7040,1
7041,1
7042,1
7043,1
7044,1
7045,4
7046,1
7047,4
7048,2
7049,1
7050,7
7051,2
7052,3
7053,1
7054,4
7055,4
7056,5
7057,2
7058,1
7059,1
7060,6
7061,13
7062,3
7063,3
7064,2
7065,1
7066,3
7067,1
7068,1
7069,1
7070,10
7071,3
7072,6
7073,8
7074,6
7075,4
7076,52
7077,17
7078,14
7079,1
7080,2
7081,2
7082,2
7083,3
7084,1
7085,1
7086,2
7087,2
7088,1
7089,3
7090,1
7091,1
7092,4
7093,11
7094,11
7095,13
7096,2
7097,1
7098,8
7099,1
7100,1
7101,1
7102,3
7103,1
7104,2
7105,1
7106,4
7107,1
7108,1
7109,6
7110,2
7111,2
7112,1
7113,5
7114,36
7115,10
7116,4
7117,1
7118,1
7119,3
7120,11
7121,17
7122,1
7123,30
7124,13
7125,7
7126,1
7127,2
7128,1
7129,1
7130,1
7131,2
7132,6
7133,2
7134,2
7135,5
7136,1
7137,1
7138,5
7139,1
7140,14
7141,1
7142,1
7143,2
7144,12
7145,1
7146,1
7147,1
7148,5
7149,1
7150,1
7151,4
7152,1
7153,7
7154,1
7155,2
7156,3
7157,2
7158,1
7159,2
7160,12
7161,2
7162,4
7163,3
7164,1
7165,8
7166,2
7167,6
7168,1
7169,2
7170,2
7171,5
7172,1
7173,5
7174,1
7175,1
7176,1
7177,5
7178,1
7179,1
7180,1
7181,1
7182,1
7183,1
7184,16
7185,9
7186,3
7187,7
7188,3
7189,14
7190,4
7191,1
7192,1
7193,5
7194,1
7195,1
7196,2
7197,4
7198,2
7199,14
7200,4
7201,1
7202,1
7203,5
7204,2
7205,10
7206,10
7207,1
7208,11
7209,1
7210,59
7211,7
7212,2
7213,4
7214,28
7215,3
7216,17
7217,1
7218,2
7219,51
7220,1
7221,1
7222,1
7223,15
7224,1
7225,4
7226,13
7227,5
7228,1
7229,4
7230,6
7231,1
7232,1
7233,2
7234,1
7235,1
7236,3
7237,61
7238,1
7239,1
7240,1
7241,3
7242,1
7243,44
7244,5
7245,1
7246,1
7247,2
7248,2
7249,1
7250,9
7251,6
7252,2
7253,2
7254,26
7255,1
7256,2
7257,4
7258,12
7259,1
7260,1
7261,2
7262,5
7263,7
7264,6
7265,1
7266,1
7267,4
7268,1
7269,1
7270,45
7271,1
7272,4
7273,2
7274,1
7275,29
7276,1
7277,1
7278,1
7279,7
7280,1
7281,1
7282,1
7283,4
7284,1
7285,1
7286,1
7287,53
7288,7
7289,1
7290,6
7291,1
7292,1
7293,1
7294,1
7295,5
7296,1
7297,3
7298,2
7299,1
7300,3
7301,1
7302,1
7303,2
7304,2
7305,1
7306,1
7307,2
7308,3
7309,1
7310,1
7311,1
7312,1
7313,1
7314,7
7315,6
7316,1
7317,4
7318,3
7319,1
7320,7
7321,8
7322,1
7323,2
7324,9
7325,4
7326,3
7327,4
7328,9
7329,3
7330,2
7331,1
7332,7
7333,1
7334,1
7335,3
7336,1
7337,1
7338,1
7339,5
7340,13
7341,4
7342,2
7343,1
7344,1
7345,3
7346,7
7347,1
7348,7
7349,1
7350,37
7351,1
7352,6
7353,1
7354,1
7355,1
7356,1
7357,3
7358,6
7359,1
7360,1
7361,1
7362,1
7363,6
7364,1
7365,10
7366,26
7367,2
7368,1
7369,1
7370,2
7371,1
7372,2
7373,2
7374,6
7375,1
7376,4
7377,2
7378,23
7379,1
7380,1
7381,2
7382,1
7383,17
7384,1
7385,2
7386,2
7387,6
7388,3
7389,2
7390,1
7391,5
7392,1
7393,1
7394,1
7395,1
7396,1
7397,19
7398,1
7399,1
7400,1
7401,1
7402,2
7403,3
7404,4
7405,2
7406,5
7407,1
7408,1
7409,1
7410,1
7411,1
7412,1
7413,67
7414,4
7415,40
7416,7
7417,2
7418,1
7419,3
7420,1
7421,2
7422,5
7423,9
7424,1
7425,5
7426,2
7427,17
7428,2
7429,6
7430,1
7431,1
7432,1
7433,1
7434,1
7435,1
7436,2
7437,1
7438,1
7439,1
7440,1
7441,1
7442,1
7443,4
7444,4
7445,1
7446,1
7447,2
7448,3
7449,1
7450,5
7451,4
7452,2
7453,3
7454,1
7455,1
7456,2
7457,1
7458,2
7459,3
7460,51
7461,3
7462,1
7463,3
7464,3
7465,6
7466,8
7467,2
7468,1
7469,1
7470,1
7471,1
7472,2
7473,3
7474,2
7475,1
7476,2
7477,2
7478,1
7479,1
7480,20
7481,7
7482,4
7483,1
7484,4
7485,2
7486,4
7487,3
7488,2
7489,1
7490,1
7491,1
7492,4
7493,3
7494,1
7495,1
7496,1
7497,3
7498,1
7499,2
7500,1
7501,1
7502,10
7503,1
7504,33
7505,3
7506,2
7507,3
7508,2
7509,30
7510,1
7511,6
7512,1
7513,1
7514,1
7515,1
7516,1
7517,1
7518,1
7519,3
7520,1
7521,4
7522,1
7523,2
7524,2
7525,1
7526,12
7527,29
7528,6
7529,1
7530,5
7531,1
7532,1
7533,2
7534,4
7535,4
7536,1
7537,3
7538,2
7539,4
7540,4
7541,1
7542,4
7543,1
7544,2
7545,1
7546,1
7547,1
7548,8
7549,1
7550,1
7551,2
7552,2
7553,1
7554,3
7555,3
7556,12
7557,42
7558,2
7559,1
7560,6
7561,5
7562,1
7563,1
7564,2
7565,2
7566,1
7567,2
7568,2
7569,1
7570,1
7571,1
7572,4
7573,1
7574,6
7575,16
7576,111
7577,5
7578,1
7579,2
7580,1
7581,8
7582,1
7583,4
7584,6
7585,2
7586,1
7587,4
7588,12
7589,1
7590,1
7591,3
7592,5
7593,1
7594,4
7595,1
7596,1
7597,7
7598,1
7599,1
7600,9
7601,26
7602,2
7603,1
7604,2
7605,1
7606,2
7607,1
7608,1
7609,1
7610,4
7611,2
7612,1
7613,1
7614,6
7615,2
7616,1
7617,2
7618,4
7619,43
7620,17
7621,14
7622,2
7623,1
7624,1
7625,1
7626,2
7627,1
7628,1
7629,1
7630,6
7631,1
7632,2
7633,1
7634,1
7635,4
7636,1
7637,1
7638,2
7639,1
7640,1
7641,5
7642,2
7643,10
7644,1
7645,3
7646,1
7647,1
7648,2
7649,1
7650,1
7651,4
7652,3
7653,1
7654,18
7655,1
7656,2
7657,1
7658,2
7659,5
7660,23
7661,11
7662,34
7663,1
7664,1
7665,6
7666,5
7667,2
7668,3
7669,1
7670,1
7671,33
7672,40
7673,21
7674,1
7675,1
7676,11
7677,1
7678,1
7679,1
7680,2
7681,1
7682,4
7683,1
7684,1
7685,3
7686,4
7687,1
7688,7
7689,1
7691,2
7692,22
7693,13
7694,2
7695,2
7696,3
7697,1
7698,1
7699,4
7700,6
7701,4
7702,1
7703,1
7704,1
7705,1
7706,6
7707,8
7708,1
7709,1
7710,1
7711,1
7712,1
7713,1
7714,8
7715,1
7716,1
7717,2
7718,1
7719,1
7720,1
7721,1
7722,8
7723,2
7724,1
7725,1
7726,2
7727,2
7728,1
7729,1
7730,19
7731,1
7732,1
7733,6
7734,1
7735,1
7736,1
7737,8
7738,10
7739,1
7740,1
7741,1
7742,5
7743,4
7744,1
7745,1
7746,8
7747,5
7748,2
7749,7
7750,1
7751,2
7752,12
7753,1
7754,1
7755,5
7756,2
7757,3
7758,8
7759,4
7760,1
7761,1
7762,1
7763,5
7764,3
7765,1
7766,2
7767,1
7768,3
7769,4
7770,24
7771,2
7772,6
7773,1
7774,1
7775,4
7776,9
7777,1
7778,4
7779,2
7780,6
7781,2
7782,1
7783,1
7784,1
7785,5
7786,8
7787,1
7788,4
7789,5
7790,6
7791,14
7792,6
7793,6
7794,9
7795,1
7796,3
7797,2
7798,1
7799,1
7800,5
7801,1
7802,3
7803,1
7804,8
7805,4
7806,1
7807,1
7808,10
7809,21
7810,1
7811,1
7812,1
7813,12
7814,1
7815,3
7816,1
7817,1
7818,6
7819,28
7820,2
7821,4
7822,3
7823,12
7824,1
7825,10
7826,1
7827,1
7828,8
7829,9
7830,2
7831,3
7832,1
7833,1
7834,1
7835,11
7836,4
7837,1
7838,1
7839,1
7840,1
7841,1
7842,1
7843,34
7844,15
7845,22
7846,14
7847,2
7848,1
7849,2
7850,1
7851,1
7852,3
7853,1
7854,9
7855,3
7856,2
7857,24
7858,3
7859,15
7860,6
7861,1
7862,1
7863,1
7864,1
7865,1
7866,2
7867,3
7868,1
7869,1
7870,1
7871,1
7872,3
7873,1
7874,1
7875,2
7876,1
7877,1
7878,1
7879,1
7880,1
7881,1
7882,1
7883,3
7884,1
7885,2
7886,1
7887,1
7888,8
7889,16
7890,1
7891,46
7892,1
7893,5
7894,1
7895,5
7896,9
7897,2
7898,3
7899,13
7900,1
7901,1
7902,6
7903,1
7904,1
7905,3
7906,2
7907,1
7908,1
7909,1
7910,5
7911,5
7912,1
7913,9
7914,3
7915,2
7916,6
7917,3
7918,1
7919,1
7920,7
7921,2
7922,3
7923,1
7924,4
7925,2
7926,2
7927,1
7928,7
7929,1
7930,15
7931,1
7932,2
7933,2
7934,1
7935,5
7936,3
7937,2
7938,1
7939,1
7940,1
7941,2
7942,1
7943,1
7944,1
7945,1
7946,1
7947,1
7948,1
7949,2
7950,4
7951,1
7952,38
7953,1
7954,48
7955,7
7956,26
7957,1
7958,1
7959,1
7960,1
7961,2
7962,9
7963,5
7964,16
7965,2
7966,1
7967,1
7968,1
7969,4
7970,1
7971,1
7972,1
7973,1
7974,1
7975,1
7976,3
7977,2
7978,2
7979,1
7980,2
7981,1
7982,2
7983,1
7984,1
7985,1
7986,1
7987,1
7988,27
7989,2
7990,2
7991,10
7992,1
7993,1
7994,1
7995,1
7996,1
7997,4
7998,1
7999,5
8000,1
8001,1
8002,1
8003,1
8004,1
8005,1
8006,1
8007,1
8008,1
8009,3
8010,1
8011,1
8012,1
8013,3
8014,2
8015,2
8016,1
8017,1
8018,5
8019,8
8020,2
8021,1
8022,3
8023,1
8024,14
8025,4
8026,1
8027,1
8028,1
8029,4
8030,2
8031,1
8032,3
8033,6
8034,13
8035,2
8036,1
8037,1
8038,1
8039,3
8040,7
8041,1
8042,3
8043,2
8044,2
8045,1
8046,7
8047,6
8048,1
8049,1
8050,1
8051,4
8052,13
8053,5
8054,1
8055,3
8056,16
8057,2
8058,1
8059,1
8060,1
8061,2
8062,26
8064,1
8065,6
8066,2
8067,1
8068,1
8069,2
8070,1
8071,1
8072,13
8073,1
8074,2
8075,1
8076,2
8077,5
8078,3
8079,3
8080,1
8081,1
8082,1
8083,10
8084,1
8085,3
8086,1
8087,1
8088,1
8089,1
8090,20
8091,1
8092,5
8093,1
8094,2
8095,1
8096,3
8097,1
8098,1
8099,1
8100,1
8101,1
8102,1
8103,4
8104,3
8105,9
8106,1
8107,1
8108,1
8109,1
8110,1
8111,1
8112,1
8113,24
8114,6
8115,1
8116,1
8117,3
8118,1
8119,1
8120,2
8121,2
8122,2
8123,2
8124,4
8125,1
8126,1
8127,2
8128,1
8129,7
8130,1
8131,2
8132,20
8133,2
8134,1
8135,2
8136,1
8137,1
8138,1
8139,4
8140,10
8141,1
8142,3
8143,1
8144,14
8145,6
8146,1
8147,1
8148,4
8149,1
8150,1
8151,2
8152,1
8153,1
8154,2
8155,5
8156,1
8157,1
8158,19
8159,9
8160,1
8161,1
8162,1
8163,1
8164,1
8165,1
8166,2
8167,2
8168,1
8169,14
8170,1
8171,1
8172,1
8173,2
8174,1
8175,4
8176,4
8177,1
8178,1
8179,19
8180,22
8181,9
8182,2
8183,22
8184,2
8185,1
8186,1
8187,3
8188,2
8189,2
8190,5
8191,1
8192,7
8193,1
8194,1
8195,1
8196,5
8197,1
8198,2
8199,1
8200,1
8201,1
8202,1
8203,8
8204,1
8205,1
8206,1
8207,2
8208,1
8209,1
8210,1
8211,1
8212,25
8213,1
8214,1
8215,1
8216,1
8217,1
8218,11
8219,1
8220,1
8221,7
8222,1
8223,1
8224,1
8225,1
8226,8
8227,44
8228,4
8229,4
8230,6
8231,1
8232,1
8233,1
8234,1
8235,1
8236,1
8237,1
8238,2
8239,1
8240,1
8241,1
8242,1
8243,1
8244,1
8245,1
8246,4
8247,1
8248,2
8249,1
8250,1
8251,3
8252,1
8253,1
8254,1
8255,1
8256,1
8257,1
8258,1
8259,1
8260,2
8261,1
8262,2
8263,2
8264,1
8265,1
8266,1
8267,1
8268,1
8269,1
8270,8
8271,1
8272,1
8273,2
8274,4
8275,1
8276,1
8277,1
8278,4
8279,3
8280,3
8281,2
8282,1
8283,2
8284,1
8285,2
8286,1
8287,1
8288,4
8289,4
8290,1
8291,3
8292,1
8293,5
8294,2
8295,5
8296,1
8297,2
8298,3
8299,3
8300,2
8301,1
8302,15
8303,1
8304,3
8305,1
8306,1
8307,1
8308,3
8309,12
8310,21
8311,1
8312,5
8313,1
8314,1
8315,1
8316,1
8317,1
8318,4
8319,20
8321,3
8322,1
8323,1
8324,1
8325,4
8326,2
8327,2
8328,1
8329,1
8330,4
8331,3
8332,5
8333,10
8334,1
8335,6
8336,1
8337,11
8338,3
8339,1
8340,2
8341,7
8342,1
8343,1
8344,16
8345,4
8346,16
8347,14
8348,2
8349,2
8350,8
8351,3
8352,10
8353,3
8354,3
8355,2
8357,1
8358,2
8359,1
8360,1
8361,4
8362,3
8363,1
8364,1
8365,4
8366,1
8367,1
8368,6
8369,2
8370,5
8371,1
8372,1
8373,1
8374,3
8375,2
8376,1
8377,3
8378,1
8379,1
8380,1
8381,1
8382,1
8383,2
8384,2
8385,3
8386,5
8387,1
8388,1
8389,4
8390,2
8391,1
8392,1
8393,1
8394,1
8395,15
8396,1
8397,1
8398,1
8399,1
8400,1
8401,1
8402,1
8403,1
8404,1
8405,1
8406,29
8407,2
8408,10
8409,1
8410,1
8411,11
8412,3
8413,2
8414,1
8415,1
8416,4
8417,2
8418,5
8419,2
8420,1
8421,1
8422,2
8423,1
8424,1
8425,10
8426,1
8427,2
8428,1
8429,2
8430,3
8431,1
8432,1
8433,12
8434,2
8435,11
8436,1
8437,1
8438,1
8439,2
8440,11
8441,21
8442,1
8443,1
8444,1
8445,1
8446,2
8447,3
8448,1
8449,1
8450,6
8451,2
8452,1
8453,1
8454,1
8455,26
8456,22
8457,3
8458,1
8459,1
8460,5
8461,12
8462,1
8463,8
8464,29
8465,1
8466,1
8467,1
8468,1
8469,16
8470,7
8471,25
8472,1
8473,1
8474,4
8475,1
8476,2
8477,8
8478,1
8479,9
8480,1
8481,7
8482,1
8483,1
8484,1
8485,1
8486,1
8488,1
8489,1
8490,1
8491,3
8492,1
8493,1
8494,3
8495,1
8496,1
8497,1
8498,1
8499,2
8500,3
8501,11
8502,1
8503,1
8504,1
8505,1
8506,1
8507,1
8508,3
8509,1
8510,1
8511,1
8512,1
8513,3
8514,4
8515,1
8516,1
8517,3
8518,13
8519,6
8520,1
8521,5
8522,4
8523,1
8524,1
8525,1
8526,1
8527,4
8528,1
8529,1
8530,1
8531,1
8532,1
8533,1
8534,1
8535,35
8536,1
8537,43
8538,1
8539,6
8540,5
8541,1
8542,1
8543,1
8544,1
8545,6
8546,3
8547,1
8548,2
8549,2
8550,1
8551,17
8552,1
8553,6
8554,1
8555,1
8556,1
8557,1
8558,1
8559,1
8560,3
8561,6
8562,1
8563,3
8564,1
8565,1
8566,2
8567,9
8568,1
8569,1
8570,2
8571,1
8572,1
8573,1
8575,1
8576,2
8577,4
8578,1
8579,1
8582,7
8583,24
8584,7
8585,2
8586,6
8587,1
8589,3
8590,3
8591,5
8592,1
8593,6
8594,1
8595,1
8596,3
8597,26
8598,7
8599,2
8600,1
8601,6
8602,1
8603,1
8604,1
8605,1
8606,1
8607,8
8608,5
8609,8
8610,15
8611,1
8612,7
8613,1
8614,1
8615,5
8616,1
8617,3
8618,1
8619,2
8620,1
8621,6
8623,28
8624,25
8625,1
8626,1
8627,8
8628,1
8629,1
8630,1
8631,1
8632,1
8633,1
8634,2
8635,2
8636,2
8637,1
8638,37
8639,1
8640,2
8641,1
8642,2
8643,2
8644,1
8645,1
8646,1
8647,1
8648,2
8649,1
8650,2
8651,3
8652,3
8653,1
8654,3
8655,1
8656,1
8657,1
8658,1
8659,2
8660,3
8661,1
8662,3
8663,3
8664,1
8665,3
8666,1
8667,3
8668,4
8669,1
8670,1
8671,7
8673,1
8674,2
8676,1
8677,1
8678,2
8679,2
8680,9
8681,2
8682,1
8683,1
8684,1
8685,1
8686,1
8687,1
8688,5
8689,4
8691,1
8692,10
8693,1
8694,3
8695,1
8696,8
8697,2
8698,2
8699,1
8700,1
8701,13
8702,21
8703,1
8704,1
8705,2
8706,26
8707,1
8708,2
8709,1
8710,1
8711,1
8712,3
8713,1
8714,2
8715,1
8716,1
8717,1
8718,2
8719,32
8720,3
8721,10
8722,1
8723,1
8724,1
8725,3
8726,1
8727,3
8728,1
8729,1
8730,1
8731,1
8732,12
8733,2
8734,1
8735,2
8736,1
8737,1
8738,9
8739,3
8740,1
8741,1
8742,1
8743,3
8744,1
8745,1
8746,1
8747,1
8748,1
8749,1
8750,1
8751,1
8752,10
8754,1
8755,1
8756,1
8757,1
8758,1
8759,3
8760,2
8761,2
8762,4
8763,1
8764,6
8765,13
8766,2
8767,1
8768,1
8769,6
8770,1
8771,2
8772,1
8773,7
8774,1
8775,1
8776,1
8777,1
8778,1
8779,6
8780,1
8781,1
8782,1
8783,31
8784,29
8785,1
8786,3
8787,13
8788,17
8789,6
8790,18
8791,7
8792,3
8793,1
8796,1
8797,1
8798,1
8799,1
8800,1
8801,1
8802,1
8803,1
8804,1
8805,1
8806,1
8807,1
8808,1
8809,1
8810,3
8812,4
8813,1
8814,1
8815,1
8816,1
8817,4
8818,3
8819,1
8820,1
8822,1
8823,1
8825,8
8826,2
8827,2
8828,1
8829,1
8830,1
8831,1
8832,1
8833,1
8834,1
8835,1
8836,1
8837,3
8838,1
8839,2
8840,1
8841,1
8842,1
8843,1
8844,1
8845,2
8846,1
8847,1
8848,1
8849,1
8850,2
8851,1
8852,2
8853,3
8854,2
8855,1
8856,1
8857,1
8858,1
8859,2
8860,1
8861,1
8862,1
8863,1
8864,1
8865,4
8866,1
8867,1
8868,1
8869,3
8871,1
8872,7
8873,1
8874,1
8875,2
8876,1
8878,1
8879,1
8880,1
8881,1
8884,1
8885,6
8887,1
8888,1
8889,1
8890,2
8891,1
8892,1
8893,1
8894,1
8895,6
8896,1
8897,1
8898,2
8899,1
8900,1
8901,1
8902,1
8903,25
8904,1
8905,6
8906,1
8907,5
8908,5
8909,1
8910,1
8911,1
8912,24
8913,1
8914,2
8915,4
8916,2
8917,1
8918,1
8919,1
8920,2
8921,1
8922,3
8923,1
8924,1
8925,2
8926,2
8927,3
8928,5
8929,2
8930,1
8931,4
8932,1
8933,1
8934,1
8935,1
8936,2
8937,1
8938,4
8939,1
8940,1
8941,1
8942,1
8943,1
8944,8
8945,3
8946,1
8947,1
8948,4
8949,7
8950,1
8951,2
8952,1
8953,1
8955,1
8956,1
8957,1
8958,1
8959,12
8960,1
8961,1
8962,2
8963,7
8964,2
8965,1
8966,1
8967,4
8968,1
8969,5
8970,1
8971,1
8972,1
8973,3
8974,1
8975,3
8976,3
8977,1
8978,1
8979,1
8980,1
8981,1
8982,1
8983,1
8984,1
8985,1
8986,1
8987,1
8988,1
8989,1
8990,1
8991,1
8992,1
8993,3
8994,1
8995,1
8996,1
8997,1
8998,1
8999,1
9000,1
9001,1
9002,1
9003,1
9004,1
9005,1
9006,1
9007,1
9008,1
9009,2
9010,9
9011,1
9012,1
9013,2
9014,1
9015,1
9016,1
9017,3
9018,1
9019,1
9020,1
9021,1
9023,1
9024,1
9025,1
9026,1
9027,1
9028,1
9029,1
9030,2
9031,1
9032,1
9033,1
9034,1
9035,6
9036,1
9037,1
9038,1
9039,1
9040,1
9041,1
9042,1
9043,1
9044,1
9045,1
9047,10
9048,1
9049,1
9050,1
9051,1
9052,2
9053,3
9054,3
9055,1
9056,1
9057,1
9058,1
9059,1
9060,1
9061,1
9062,3
9063,1
9064,1
9065,1
9066,1
9067,1
9068,1
9069,5
9070,1
9071,9
9072,1
9073,1
9074,1
9075,1
9077,1
9078,1
9079,1
9080,1
9081,1
9082,2
9083,2
9084,1
9085,1
9086,3
9087,1
9088,1
9089,2
9090,1
9091,1
9093,1
9094,2
9095,1
9096,1
9097,1
9098,2
9099,1
9100,1
9101,1
9102,2
9103,1
9104,2
9105,1
9106,1
9107,1
9108,1
9109,1
9111,1
9112,1
9115,1
9116,1
9117,1
9118,1
9119,1
9120,1
9121,1
9123,1
